[{"pk": 1, "model": "contenttypes.contenttype", "fields": {"model": "permission", "name": "permission", "app_label": "auth"}}, {"pk": 2, "model": "contenttypes.contenttype", "fields": {"model": "group", "name": "group", "app_label": "auth"}}, {"pk": 3, "model": "contenttypes.contenttype", "fields": {"model": "user", "name": "user", "app_label": "auth"}}, {"pk": 4, "model": "contenttypes.contenttype", "fields": {"model": "contenttype", "name": "content type", "app_label": "contenttypes"}}, {"pk": 5, "model": "contenttypes.contenttype", "fields": {"model": "session", "name": "session", "app_label": "sessions"}}, {"pk": 6, "model": "contenttypes.contenttype", "fields": {"model": "site", "name": "site", "app_label": "sites"}}, {"pk": 7, "model": "contenttypes.contenttype", "fields": {"model": "logentry", "name": "log entry", "app_label": "admin"}}, {"pk": 8, "model": "contenttypes.contenttype", "fields": {"model": "medianode", "name": "media node", "app_label": "dotdotdash"}}, {"pk": 9, "model": "contenttypes.contenttype", "fields": {"model": "home", "name": "home", "app_label": "dotdotdash"}}, {"pk": 10, "model": "contenttypes.contenttype", "fields": {"model": "about", "name": "about", "app_label": "dotdotdash"}}, {"pk": 11, "model": "contenttypes.contenttype", "fields": {"model": "services", "name": "services", "app_label": "dotdotdash"}}, {"pk": 12, "model": "contenttypes.contenttype", "fields": {"model": "clients", "name": "clients", "app_label": "dotdotdash"}}, {"pk": 13, "model": "contenttypes.contenttype", "fields": {"model": "page", "name": "page", "app_label": "dotdotdash"}}, {"pk": 14, "model": "contenttypes.contenttype", "fields": {"model": "work", "name": "work", "app_label": "dotdotdash"}}, {"pk": 15, "model": "contenttypes.contenttype", "fields": {"model": "contact", "name": "contact", "app_label": "dotdotdash"}}, {"pk": "1klbl8r7rm1l9n8scs1apar8skrlz6lg", "model": "sessions.session", "fields": {"expire_date": "2013-07-23T19:05:59.279Z", "session_data": "ZTIwOGJlNDRmYjk5MGJmM2JjMzA0MWQ0ZjBiODVjMjUwOTI2ODU0NTqAAn1xAShVEl9hdXRoX3VzZXJfYmFja2VuZHECVSlkamFuZ28uY29udHJpYi5hdXRoLmJhY2tlbmRzLk1vZGVsQmFja2VuZHEDVQ1fYXV0aF91c2VyX2lkcQRLAXUu"}}, {"pk": "q5u1jyv94yui2jjz8jdrj58vg4dpz357", "model": "sessions.session", "fields": {"expire_date": "2013-07-22T22:33:44.569Z", "session_data": "ZTIwOGJlNDRmYjk5MGJmM2JjMzA0MWQ0ZjBiODVjMjUwOTI2ODU0NTqAAn1xAShVEl9hdXRoX3VzZXJfYmFja2VuZHECVSlkamFuZ28uY29udHJpYi5hdXRoLmJhY2tlbmRzLk1vZGVsQmFja2VuZHEDVQ1fYXV0aF91c2VyX2lkcQRLAXUu"}}, {"pk": "wias25o1itzz12yb9ept1hkawjlrk3ai", "model": "sessions.session", "fields": {"expire_date": "2013-07-19T15:58:26.903Z", "session_data": "ZTIwOGJlNDRmYjk5MGJmM2JjMzA0MWQ0ZjBiODVjMjUwOTI2ODU0NTqAAn1xAShVEl9hdXRoX3VzZXJfYmFja2VuZHECVSlkamFuZ28uY29udHJpYi5hdXRoLmJhY2tlbmRzLk1vZGVsQmFja2VuZHEDVQ1fYXV0aF91c2VyX2lkcQRLAXUu"}}, {"pk": 1, "model": "sites.site", "fields": {"domain": "example.com", "name": "example.com"}}, {"pk": 1, "model": "dotdotdash.medianode", "fields": {"description": "", "title": "northwatercapital.png", "vimeo": "", "link": "http://www.northwatercapital.com/", "location": "static/uploaded/northwatercapital.png", "order": 0}}, {"pk": 2, "model": "dotdotdash.medianode", "fields": {"description": "", "title": "canoenorth-logo.png", "vimeo": "", "link": "http://canoenorthadventures.com/", "location": "static/uploaded/canoenorth-logo.png", "order": 0}}, {"pk": 3, "model": "dotdotdash.medianode", "fields": {"description": "", "title": "ramsaytalks.png", "vimeo": "", "link": "http://ramsaytalks.com/", "location": "static/uploaded/ramsaytalks.png", "order": 0}}, {"pk": 4, "model": "dotdotdash.medianode", "fields": {"description": "", "title": "vid2.mp4", "vimeo": "", "link": "", "location": "static/uploaded/vid2.mp4", "order": 0}}, {"pk": 5, "model": "dotdotdash.medianode", "fields": {"description": "", "title": "vid2.ogv", "vimeo": "", "link": "", "location": "static/uploaded/vid2.ogv", "order": 0}}, {"pk": 6, "model": "dotdotdash.medianode", "fields": {"description": "", "title": "vid2.webm", "vimeo": "", "link": "", "location": "static/uploaded/vid2.webm", "order": 0}}, {"pk": 7, "model": "dotdotdash.medianode", "fields": {"description": "", "title": "vidback2.jpg", "vimeo": "", "link": "", "location": "static/uploaded/vidback2.jpg", "order": 0}}, {"pk": 8, "model": "dotdotdash.medianode", "fields": {"description": "", "title": "background1.jpg", "vimeo": "", "link": "", "location": "static/uploaded/background1.jpg", "order": 0}}, {"pk": 9, "model": "dotdotdash.medianode", "fields": {"description": "", "title": "background3.jpg", "vimeo": "", "link": "", "location": "static/uploaded/background3.jpg", "order": 0}}, {"pk": 10, "model": "dotdotdash.medianode", "fields": {"description": "", "title": "background12.jpg", "vimeo": "", "link": "", "location": "static/uploaded/background12.jpg", "order": 0}}, {"pk": 11, "model": "dotdotdash.medianode", "fields": {"description": "", "title": "background2.jpg", "vimeo": "", "link": "", "location": "static/uploaded/background2.jpg", "order": 0}}, {"pk": 12, "model": "dotdotdash.medianode", "fields": {"description": "", "title": "background4.jpg", "vimeo": "", "link": "", "location": "static/uploaded/background4.jpg", "order": 0}}, {"pk": 13, "model": "dotdotdash.medianode", "fields": {"description": "", "title": "background5.jpg", "vimeo": "", "link": "", "location": "static/uploaded/background5.jpg", "order": 0}}, {"pk": 14, "model": "dotdotdash.medianode", "fields": {"description": "", "title": "background6.jpg", "vimeo": "", "link": "", "location": "static/uploaded/background6.jpg", "order": 0}}, {"pk": 15, "model": "dotdotdash.medianode", "fields": {"description": "", "title": "background7.jpg", "vimeo": "", "link": "", "location": "static/uploaded/background7.jpg", "order": 0}}, {"pk": 16, "model": "dotdotdash.medianode", "fields": {"description": "", "title": "background8.jpg", "vimeo": "", "link": "", "location": "static/uploaded/background8.jpg", "order": 0}}, {"pk": 17, "model": "dotdotdash.medianode", "fields": {"description": "", "title": "background9.jpg", "vimeo": "", "link": "", "location": "static/uploaded/background9.jpg", "order": 0}}, {"pk": 18, "model": "dotdotdash.medianode", "fields": {"description": "", "title": "background13.jpg", "vimeo": "", "link": "", "location": "static/uploaded/background13.jpg", "order": 0}}, {"pk": 19, "model": "dotdotdash.medianode", "fields": {"description": "", "title": "canoenorth.jpg", "vimeo": "", "link": "", "location": "static/uploaded/canoenorth.jpg", "order": 0}}, {"pk": 20, "model": "dotdotdash.medianode", "fields": {"description": "", "title": "canoenorth1.jpg", "vimeo": "", "link": "", "location": "static/uploaded/canoenorth1.jpg", "order": 0}}, {"pk": 21, "model": "dotdotdash.medianode", "fields": {"description": "", "title": "antica.png", "vimeo": "", "link": "", "location": "static/uploaded/antica.png", "order": 0}}, {"pk": 22, "model": "dotdotdash.medianode", "fields": {"description": "", "title": "cccongress.png", "vimeo": "", "link": "", "location": "static/uploaded/cccongress.png", "order": 0}}, {"pk": 23, "model": "dotdotdash.medianode", "fields": {"description": "", "title": "david.png", "vimeo": "", "link": "", "location": "static/uploaded/david.png", "order": 0}}, {"pk": 28, "model": "dotdotdash.medianode", "fields": {"description": "", "title": "patch.png", "vimeo": "", "link": "", "location": "static/uploaded/patch.png", "order": 0}}, {"pk": 29, "model": "dotdotdash.medianode", "fields": {"description": "", "title": "eigensinn-for-blogs.png", "vimeo": "", "link": "", "location": "static/uploaded/eigensinn-for-blogs_1.png", "order": 0}}, {"pk": 30, "model": "dotdotdash.medianode", "fields": {"description": "", "title": "edc_logo_big.png", "vimeo": "", "link": "", "location": "static/uploaded/edc_logo_big_1.png", "order": 0}}, {"pk": 31, "model": "dotdotdash.medianode", "fields": {"description": "", "title": "patagonia_logo_hirez.png", "vimeo": "", "link": "", "location": "static/uploaded/patagonia_logo_hirez_1.png", "order": 0}}, {"pk": 32, "model": "dotdotdash.medianode", "fields": {"description": "", "title": "environmentaldefence.png", "vimeo": "", "link": "", "location": "static/uploaded/environmentaldefence_1.png", "order": 0}}, {"pk": 33, "model": "dotdotdash.medianode", "fields": {"description": "", "title": "canoenorth.jpg", "vimeo": "", "link": "", "location": "static/uploaded/canoenorth_1.jpg", "order": 0}}, {"pk": 34, "model": "dotdotdash.medianode", "fields": {"description": "", "title": "canoenorth1.jpg", "vimeo": "", "link": "", "location": "static/uploaded/canoenorth1_1.jpg", "order": 0}}, {"pk": 35, "model": "dotdotdash.medianode", "fields": {"description": "", "title": "canoenorth2.jpg", "vimeo": "", "link": "", "location": "static/uploaded/canoenorth2.jpg", "order": 0}}, {"pk": 36, "model": "dotdotdash.medianode", "fields": {"description": "", "title": "canoenorth3.jpg", "vimeo": "", "link": "", "location": "static/uploaded/canoenorth3.jpg", "order": 0}}, {"pk": 37, "model": "dotdotdash.medianode", "fields": {"description": "", "title": "canoenorth4.jpg", "vimeo": "", "link": "", "location": "static/uploaded/canoenorth4.jpg", "order": 0}}, {"pk": 38, "model": "dotdotdash.medianode", "fields": {"description": "", "title": "canoenorth5.jpg", "vimeo": "", "link": "", "location": "static/uploaded/canoenorth5.jpg", "order": 0}}, {"pk": 39, "model": "dotdotdash.medianode", "fields": {"description": "", "title": "canoenorth6.jpg", "vimeo": "", "link": "", "location": "static/uploaded/canoenorth6.jpg", "order": 0}}, {"pk": 40, "model": "dotdotdash.medianode", "fields": {"description": "", "title": "canoenorth7.jpg", "vimeo": "", "link": "", "location": "static/uploaded/canoenorth7.jpg", "order": 0}}, {"pk": 41, "model": "dotdotdash.medianode", "fields": {"description": "", "title": "victory-cover-img.png", "vimeo": "", "link": "", "location": "static/uploaded/victory-cover-img.png", "order": 0}}, {"pk": 42, "model": "dotdotdash.medianode", "fields": {"description": "", "title": "victory.pdf", "vimeo": "", "link": "", "location": "static/uploaded/victory.pdf", "order": 0}}, {"pk": 43, "model": "dotdotdash.medianode", "fields": {"description": "", "title": "sign_portrait5.jpg", "vimeo": "", "link": "", "location": "static/uploaded/sign_portrait5.jpg", "order": 0}}, {"pk": 44, "model": "dotdotdash.medianode", "fields": {"description": "", "title": "sign_portrait3.jpg", "vimeo": "", "link": "", "location": "static/uploaded/sign_portrait3.jpg", "order": 0}}, {"pk": 45, "model": "dotdotdash.medianode", "fields": {"description": "", "title": "sign_portrait.jpg", "vimeo": "", "link": "", "location": "static/uploaded/sign_portrait.jpg", "order": 0}}, {"pk": 46, "model": "dotdotdash.medianode", "fields": {"description": "", "title": "sign_portrait1.jpg", "vimeo": "", "link": "", "location": "static/uploaded/sign_portrait1.jpg", "order": 0}}, {"pk": 47, "model": "dotdotdash.medianode", "fields": {"description": "", "title": "sign_portrait2.jpg", "vimeo": "", "link": "", "location": "static/uploaded/sign_portrait2.jpg", "order": 0}}, {"pk": 48, "model": "dotdotdash.medianode", "fields": {"description": "", "title": "sign_portrait4.jpg", "vimeo": "", "link": "", "location": "static/uploaded/sign_portrait4.jpg", "order": 0}}, {"pk": 49, "model": "dotdotdash.medianode", "fields": {"description": "", "title": "flower-field.jpg", "vimeo": "", "link": "", "location": "static/uploaded/flower-field.jpg", "order": 0}}, {"pk": 50, "model": "dotdotdash.medianode", "fields": {"description": "", "title": "soupstock-train.jpg", "vimeo": "", "link": "", "location": "static/uploaded/soupstock-train.jpg", "order": 0}}, {"pk": 51, "model": "dotdotdash.medianode", "fields": {"description": "", "title": "foodstock_poster-1.jpg", "vimeo": "", "link": "", "location": "static/uploaded/foodstock_poster-1.jpg", "order": 0}}, {"pk": 52, "model": "dotdotdash.medianode", "fields": {"description": "", "title": "bigpumpkin.jpg", "vimeo": "", "link": "", "location": "static/uploaded/bigpumpkin.jpg", "order": 0}}, {"pk": 53, "model": "dotdotdash.medianode", "fields": {"description": "", "title": "participant.jpg", "vimeo": "", "link": "", "location": "static/uploaded/participant.jpg", "order": 0}}, {"pk": 54, "model": "dotdotdash.medianode", "fields": {"description": "", "title": "potatoleeksoup.jpg", "vimeo": "", "link": "", "location": "static/uploaded/potatoleeksoup.jpg", "order": 0}}, {"pk": 55, "model": "dotdotdash.medianode", "fields": {"description": "", "title": "pumpkin_stew.jpg", "vimeo": "", "link": "", "location": "static/uploaded/pumpkin_stew.jpg", "order": 0}}, {"pk": 56, "model": "dotdotdash.medianode", "fields": {"description": "", "title": "soup-1_m.jpg", "vimeo": "", "link": "", "location": "static/uploaded/soup-1_m.jpg", "order": 0}}, {"pk": 57, "model": "dotdotdash.medianode", "fields": {"description": "", "title": "jim-cuddy.jpg", "vimeo": "", "link": "", "location": "static/uploaded/jim-cuddy.jpg", "order": 0}}, {"pk": 58, "model": "dotdotdash.medianode", "fields": {"description": "", "title": "audience.jpg", "vimeo": "", "link": "", "location": "static/uploaded/audience.jpg", "order": 0}}, {"pk": 59, "model": "dotdotdash.medianode", "fields": {"description": "", "title": "citytv-news-coverage.jpg", "vimeo": "", "link": "", "location": "static/uploaded/citytv-news-coverage.jpg", "order": 0}}, {"pk": 60, "model": "dotdotdash.medianode", "fields": {"description": "", "title": "public_speaking.jpg", "vimeo": "", "link": "", "location": "static/uploaded/public_speaking.jpg", "order": 0}}, {"pk": 61, "model": "dotdotdash.medianode", "fields": {"description": "", "title": "speech.jpg", "vimeo": "", "link": "", "location": "static/uploaded/speech.jpg", "order": 0}}, {"pk": 62, "model": "dotdotdash.medianode", "fields": {"description": "", "title": "panorama.jpg", "vimeo": "", "link": "", "location": "static/uploaded/panorama.jpg", "order": 0}}, {"pk": 63, "model": "dotdotdash.medianode", "fields": {"description": "", "title": "performance-2.jpg", "vimeo": "", "link": "", "location": "static/uploaded/performance-2.jpg", "order": 0}}, {"pk": 64, "model": "dotdotdash.medianode", "fields": {"description": "", "title": "performance.jpg", "vimeo": "", "link": "", "location": "static/uploaded/performance.jpg", "order": 0}}, {"pk": 65, "model": "dotdotdash.medianode", "fields": {"description": "", "title": "performer-portrait.jpg", "vimeo": "", "link": "", "location": "static/uploaded/performer-portrait.jpg", "order": 0}}, {"pk": 66, "model": "dotdotdash.medianode", "fields": {"description": "", "title": "performer.jpg", "vimeo": "", "link": "", "location": "static/uploaded/performer.jpg", "order": 0}}, {"pk": 67, "model": "dotdotdash.medianode", "fields": {"description": "", "title": "bill-and-blaine.jpg", "vimeo": "", "link": "", "location": "static/uploaded/bill-and-blaine.jpg", "order": 0}}, {"pk": 68, "model": "dotdotdash.medianode", "fields": {"description": "", "title": "Patagonia-Spacing_National.jpg", "vimeo": "", "link": "", "location": "static/uploaded/patagonia-spacing_national.jpg", "order": 0}}, {"pk": 70, "model": "dotdotdash.medianode", "fields": {"description": "", "title": "Toronto-Spacing-S13-2.jpg", "vimeo": "", "link": "", "location": "static/uploaded/toronto-spacing-s13-2.jpg", "order": 0}}, {"pk": 73, "model": "dotdotdash.medianode", "fields": {"description": "", "title": "215844_499729530072434_688587872_n.jpg", "vimeo": "", "link": "", "location": "static/uploaded/215844_499729530072434_688587872_n.jpg", "order": 0}}, {"pk": 74, "model": "dotdotdash.medianode", "fields": {"description": "", "title": "319013_497200176992036_1185224247_n.jpg", "vimeo": "", "link": "", "location": "static/uploaded/319013_497200176992036_1185224247_n.jpg", "order": 0}}, {"pk": 77, "model": "dotdotdash.medianode", "fields": {"description": "", "title": "mountainlifefall2012.png", "vimeo": "", "link": "", "location": "static/uploaded/mountainlifefall2012.png", "order": 0}}, {"pk": 78, "model": "dotdotdash.medianode", "fields": {"description": "", "title": "mountainlifecloseup.png", "vimeo": "", "link": "", "location": "static/uploaded/mountainlifecloseup.png", "order": 0}}, {"pk": 79, "model": "dotdotdash.medianode", "fields": {"description": "", "title": "toronto-alternatives-magazine.jpg", "vimeo": "", "link": "", "location": "static/uploaded/toronto-alternatives-magazine_1.jpg", "order": 0}}, {"pk": 80, "model": "dotdotdash.medianode", "fields": {"description": "", "title": "toronto-life_ad-nov.jpg", "vimeo": "", "link": "", "location": "static/uploaded/toronto-life_ad-nov.jpg", "order": 0}}, {"pk": 81, "model": "dotdotdash.medianode", "fields": {"description": "", "title": "gift_guide.jpg", "vimeo": "", "link": "", "location": "static/uploaded/gift_guide.jpg", "order": 0}}, {"pk": 82, "model": "dotdotdash.medianode", "fields": {"description": "", "title": "dandyhorse-blog.png", "vimeo": "", "link": "", "location": "static/uploaded/dandyhorse-blog.png", "order": 0}}, {"pk": 83, "model": "dotdotdash.medianode", "fields": {"description": "", "title": "applied-arts.png", "vimeo": "", "link": "", "location": "static/uploaded/applied-arts.png", "order": 0}}, {"pk": 84, "model": "dotdotdash.medianode", "fields": {"description": "", "title": "outside-torrentshell.png", "vimeo": "", "link": "", "location": "static/uploaded/outside-torrentshell.png", "order": 0}}, {"pk": 85, "model": "dotdotdash.medianode", "fields": {"description": "", "title": "maclean-april-24.png", "vimeo": "", "link": "", "location": "static/uploaded/maclean-april-24.png", "order": 0}}, {"pk": 86, "model": "dotdotdash.medianode", "fields": {"description": "", "title": "patagonia-poster-may-11.jpg", "vimeo": "", "link": "", "location": "static/uploaded/patagonia-poster-may-11.jpg", "order": 0}}, {"pk": 87, "model": "dotdotdash.medianode", "fields": {"description": "", "title": "patch-logo.jpg", "vimeo": "", "link": "", "location": "static/uploaded/patch-logo.jpg", "order": 0}}, {"pk": 88, "model": "dotdotdash.medianode", "fields": {"description": "", "title": "farm-planter.jpg", "vimeo": "", "link": "", "location": "static/uploaded/farm-planter.jpg", "order": 0}}, {"pk": 89, "model": "dotdotdash.medianode", "fields": {"description": "", "title": "farm-planter-2.jpg", "vimeo": "", "link": "", "location": "static/uploaded/farm-planter-2.jpg", "order": 0}}, {"pk": 90, "model": "dotdotdash.medianode", "fields": {"description": "", "title": "planting-a-patch.png", "vimeo": "", "link": "", "location": "static/uploaded/planting-a-patch.png", "order": 0}}, {"pk": 91, "model": "dotdotdash.medianode", "fields": {"description": "", "title": "patch-website.png", "vimeo": "", "link": "", "location": "static/uploaded/patch-website.png", "order": 0}}, {"pk": 92, "model": "dotdotdash.medianode", "fields": {"description": "", "title": "the-die-line.png", "vimeo": "", "link": "", "location": "static/uploaded/the-die-line.png", "order": 0}}, {"pk": 93, "model": "dotdotdash.medianode", "fields": {"description": "", "title": "cool-hunting-dec.png", "vimeo": "", "link": "", "location": "static/uploaded/cool-hunting-dec.png", "order": 0}}, {"pk": 94, "model": "dotdotdash.medianode", "fields": {"description": "", "title": "img_5619.JPG", "vimeo": "", "link": "", "location": "static/uploaded/img_5619.JPG", "order": 0}}, {"pk": 95, "model": "dotdotdash.medianode", "fields": {"description": "", "title": "img_5777.JPG", "vimeo": "", "link": "", "location": "static/uploaded/img_5777.JPG", "order": 0}}, {"pk": 96, "model": "dotdotdash.medianode", "fields": {"description": "", "title": "img_5803.JPG", "vimeo": "", "link": "", "location": "static/uploaded/img_5803.JPG", "order": 0}}, {"pk": 97, "model": "dotdotdash.medianode", "fields": {"description": "", "title": "mountain-life-coverage.jpg", "vimeo": "", "link": "", "location": "static/uploaded/mountain-life-coverage.jpg", "order": 0}}, {"pk": 98, "model": "dotdotdash.medianode", "fields": {"description": "", "title": "singhampton-project-poster.jpg", "vimeo": "", "link": "", "location": "static/uploaded/singhampton-project-poster.jpg", "order": 0}}, {"pk": 99, "model": "dotdotdash.medianode", "fields": {"description": "", "title": "singhampton0019.JPG", "vimeo": "", "link": "", "location": "static/uploaded/singhampton0019.JPG", "order": 0}}, {"pk": 100, "model": "dotdotdash.medianode", "fields": {"description": "", "title": "singhampton0036.JPG", "vimeo": "", "link": "", "location": "static/uploaded/singhampton0036.JPG", "order": 0}}, {"pk": 101, "model": "dotdotdash.medianode", "fields": {"description": "", "title": "singhampton0048.JPG", "vimeo": "", "link": "", "location": "static/uploaded/singhampton0048.JPG", "order": 0}}, {"pk": 102, "model": "dotdotdash.medianode", "fields": {"description": "", "title": "singhampton0051.JPG", "vimeo": "", "link": "", "location": "static/uploaded/singhampton0051.JPG", "order": 0}}, {"pk": 103, "model": "dotdotdash.medianode", "fields": {"description": "", "title": "singhampton0086.JPG", "vimeo": "", "link": "", "location": "static/uploaded/singhampton0086.JPG", "order": 0}}, {"pk": 104, "model": "dotdotdash.medianode", "fields": {"description": "", "title": "singhampton0102.JPG", "vimeo": "", "link": "", "location": "static/uploaded/singhampton0102.JPG", "order": 0}}, {"pk": 1, "model": "dotdotdash.home", "fields": {"ogv": 5, "workbackgroundimage": 18, "webm": 6, "quote2": "CREATIVE CONTENT AND ENGAGEMENT STRATEGIES THAT MAKE YOUR BRAND RELEVANT.", "mp4": 4, "quote1": "CREATIVE CONTENT AND ENGAGEMENT STRATEGIES THAT MAKE YOUR BRAND RELEVANT."}}, {"pk": 1, "model": "dotdotdash.about", "fields": {"process": "<p>We are non-dogmatic and generally don\u2019t care about existing rules or protocols. We blur the lines between account and creative personnel and encourage our teams to get completely immersed in solving business problems. We speak to our clients in normal language rather than jargon. We treat our clients, and their customers as humans, not as metrics. What we do care about is success, integrity and imagination. We want to keep our campaigns and our jobs interesting and original. We did not set out to compete on level ground with other advertising agencies. We don\u2019t ever want to roll out another same-old seasonal campaign around a mundane and tired product. We use unconventional tactics to get results, often-big ones. We believe in ourselves and we believe in our clients. It shows in our work. If you are a great organization or company and want to do something original, please give us a call</p>", "about": "<p>DOT DOT DASH is an independent communications firm specializing in the development of handcrafted content and communications. Our practice leans towards the digital and social landscapes, but extends into fully integrated services with an in-house suite of scalable production capacity.</p>\r\n<p>We focus on businesses and organizations that stand for something and who want to use communication for good. We only work with virtuous organizations to ensure our clients are always in good company. We inspire action through love, story, conversation and the building of communities.</p>\r\n<p>We believe more in long-term conversations with customers and less in \u2018one off\u2019 campaigns. We\u2019re about ambitious ideas supported by a series of strategic dialogues that keep our clients\u2019 brands top of mind. We value sustainable growth over instant solutions. We believe in using technology to help brands build cultural relevance.  We partner with visionary clients to build strategies that instigate dialogue and experience. We create work that people want to know about and share. We create movements that are optimistic, inclusive, valuable and relevant.</p>\r\n<p>Like you, we got tired of today\u2019s over-saturated media landscape and inauthentic brand messaging, and of being sold crap that we didn\u2019t need or want. We set out to create a new business hardwired to work in a new economy with a new consumer. We encourage our clients to be honest, progressive and transparent and help find ways for the market to reward them for being this way. We also encourage our clients to be smart, strategic and original. We do this because we believe in these values ourselves and we believe that consumers deserve better than what they are getting today.</p>", "backgroundimage": 8}}, {"pk": 1, "model": "dotdotdash.services", "fields": {"socimage": 12, "contentproductionimage": 16, "researchimage": 14, "socialmediastrategyplanning": "<p>We only work with clients who have virtuous products or strive to make the world a better place through their social or environmental mandates. As such, we encourage our partners to authentically celebrate their virtues and help them to imagine ways to do this. We also encourage them to challenge conventional wisdom and continue to evolve their products to more closely mirror consumers\u2019 desire for transparency and trust.</p>\r\n<p>The tenants of trust, authenticity, transparency and goodness are at the core of everything we do and guide our efforts to provide strategic guidance to our partners.</p>", "brandingimage": 13, "branding": "<p>In today\u2019s new consumer democracy, brands have become more than the symbols that identify products. They have a deeper meaning, larger impact and much wider accountability. We work alongside our partners to develop brands that are purposeful and that deliver meaning to the consumer of today and tomorrow.  Our conscious and inclusive process creates brand platforms that connect with consumers, and have real intention and lasting value.</p>", "creativedevelopment": "<p>We enjoy bringing disruptive creative ideas to life. We like to swing for the fences and help our clients think about big, audacious and unexpected ideas.  Blending in is for the birds.</p>\r\n<p>We also believe that big ideas have more value if they can be personalized. We use human-centric design to highlight meaningful aspects of participation through creative media, digital and social platforms.</p>", "contentproduction": "<p>We imagine and produce long-term content campaigns that create momentum, deep social connections and action for our partners. For us content is always measured from a utility standpoint. With decades of combined story-telling experience creating broadcast and online content for top-tier international clients, we have refined processes and deep pockets of imagination.  Our in-house studio and production team make our work reactive and opportunistic\u2014allowing us to play nicely in the today\u2019s marketplace and social sphere, where the conversation is constantly evolving.  Depending on partner objectives, we also produce content for traditional platforms and leverage the skills of a trusted pool of expert freelancers and production partners when required.</p>", "resultsanalytics": "<p>We look closely and human intention relative to behavior. The availability of real-time data to measure this intention has leveled the playing fields. We are not a full service analytics agency, nor will we ever be, but we do care about metrics.  They are what measure our success and teach us how to be better.  We constantly seek new metrics to improve our analysis and thereby improve our services.</p>", "creativedevimage": 15, "backgroundimage": 11, "services": "<p>The consumer is our hero, so we put them in the center of everything we do.  We also want our clients to feel the love, so we offer tailored services that help bridge communications gaps of all sizes while delivering results.</p>  \r\n<p>We keep our skills sharp, and our overhead low and pass on the benefits through our pricing.</p>\r\n<p>Please <a href=\"mailto:hello@dotdotdash.ca\">contact us</a> to discuss your communications challenges.  We\u2019d be happy to share some ideas.</p>", "research": "<p>More than anything we listen. We listen with the purpose of helping our partners make the best decisions and to optimize the conversation with audiences.</p>\r\n<p>We utilize proprietary listening tools in the social space and we also conduct old-fashioned research. We help companies identify current & future market opportunities by surveying the global marketplace and looking for gaps where a great and virtuous product or service would add significant value to a consumers\u2019 life or would create net social or environmental or economic benefit.</p>", "resultsimage": 17}}, {"pk": 1, "model": "dotdotdash.clients", "fields": {"text": "<p>We haven\u2019t been around for very long, but we\u2019ve been lucky to work with great brands and organizations in North America and globally. These include Patagonia, The David Suzuki Foundation, METRAC, Earth Day Canada, The Canadian Chefs\u2019 Congress, Canoe North Adventures, Ramsay Talks and Patch Planters.</p>", "clientimages": [1, 2, 3, 21, 22, 23, 28, 29, 30, 31, 32], "backgroundimage": 9}}, {"pk": 1, "model": "dotdotdash.page", "fields": {"textFields": "In the summer of 2012 we were approached by Vancouver start-up, PATCH Planters, with a request to help them launch their product and develop a communications strategy for the new-to-market urban agriculture product.\r\n\r\nOur efforts included:\r\ndevelopment of an online store and website (www.letspatch.com), a three tiered launch strategy for the Vancouver market and a long term plan for subsequent regionalized launches\r\ncreation of a supporting relationship with Growing Chefs\r\ndevelopment of a retail strategy \r\ncreation of partnership with synergistic brands to host a series of learning workshops\r\nthe development and plans for a series of social channels including FB, Twitter and Pinterest\r\nmedia outreach to tell the story of the product and the founder\u2019s vision.\r\n\r\nInitial sales are strong and growing and media interest has included regional, national and international coverage.", "videoURL": "", "title": "Patch Planters", "slug": "patch-planters", "mediaField": [7], "pdf": [], "pageType": "text", "order": 0}}, {"pk": 2, "model": "dotdotdash.page", "fields": {"textFields": "The Singhampton Project was the culmination of an artistic collaboration between Canadian Chef and local food champion, Michael Stadtl\u00e4nder and French artist Jean Paul Ganem.  \r\n\r\nStadtl\u00e4nder is a world-famous Canadian chef who raises and grows the produce that he cooks with on his farm in Singhampton, Ontario.  He is also the founder of the Canadian Chefs\u2019 Congress. Jean Paul Ganem is a Landscape Artist based in France with works in progress in Brazil, Poland, France and Canada. His large scale landscape installations have been commissioned by the 2106 Rio Olympics, Tour de France and many other notable events worldwide.\r\n\r\nIn 2012 Ganem designed 7 gardens which were then planted and tended by Chef Stadtl\u00e4nder and his team.  Stadtl\u00e4nder also installed a kitchen at each garden and during August 2012 the culinary installation was opened to audiences to move between the forests, meadows and hills of Eigensinn Farm to experience and taste the bounty of the art in seven courses.  \r\n\r\nDOT DOT DASH participated in their collaboration by helping to build awareness and drive tickets sales.  Coverage included local, national and international publications including Conde Nast Traveller, Toronto Life and Maclean\u2019s.", "videoURL": "", "title": "The Singhampton Project", "slug": "the-singhampton-project", "mediaField": [8], "pdf": [], "pageType": "imageWText", "order": 0}}, {"pk": 3, "model": "dotdotdash.page", "fields": {"textFields": "DOT DOT DASH is currently working on a complete rebrand for METRAC (formerly the Metropolitan Action Committee on Violence Against Women and Children).  The community-based, not-for-profit organization works to prevent and eliminate violence against women and youth and in advance of their 30th Anniversary was in need of a fresh face and a reinvigorated brand outlook.  \r\nWe are working closely with stakeholders from across the organization and look forward to sharing a revitalized brand in early 2014.", "videoURL": "", "title": "Metrac", "slug": "metrac", "mediaField": [], "pdf": [], "pageType": "text", "order": 0}}, {"pk": 4, "model": "dotdotdash.page", "fields": {"textFields": "Working with one of Canada\u2019s most trusted outfitters (and one of the Canadian Tourism Commission\u2019s \u201cSignature Experiences\u201d), Canoe North Adventures, we put together a film and photography campaign to capture the true feeling of one of the most iconic Canadian wilderness experiences \u2013 paddling an Arctic river.\r\n\r\nAfter spending a month in the NorthWest Territories, we launched two versions of a promotional video for the company, as well as photography assets to be used in all mediums.  We further delivered a strategy to help Canoe North expand their current audience and make best use of a series of new and compelling assets in the social media and online spaces.", "videoURL": "", "title": "Canoe North", "slug": "canoe-north", "mediaField": [19], "pdf": [], "pageType": "singleImage", "order": 0}}, {"pk": 5, "model": "dotdotdash.page", "fields": {"textFields": "We starting working with the iconic outdoor clothing brand in 2012 to develop a comprehensive strategy for their Canadian & select US retail operations, as well as drive overall brand social media strategy and specific executions.\r\nThe locations we worked with were challenged with low awareness in the marketplace (specifically around their responsible business practices), a perception that their product was overpriced, as well as locations that are slightly off the beaten track. We developed a strategy to turn these retail locations into community hubs for local grassroots organizations. In Canada, we also provided a series of recommendations to ensure that the US brand offered a uniquely Canadian perspective and relevance. In US locations we worked to create a laser sharp focus on local concerns, environmental issues and consumer interests.\r\n\r\nFor over a year and a half we\u2019ve been working with the stores and with Patagonia Corporate to run a variety of programs including:\r\n\r\n\u2022\tThe organization and execution of monthly events, including hands-on experiential programming, speakers, films, and in-store pop-up local food market and collaborations around art and sustainability with a local  universities.  \r\n\r\n\u2022\tThe development of a comprehensive social and PR campaign for the stores, and providing training to staff on how to manage and grow community platforms.\r\n\r\n\u2022\tComplete media planning services for print, digital and Facebook campaigns.\r\n\r\n\u2022\tDevelopment and production of Canadian specific photographic and video assets for the brand to highlight their product in Canadian landscapes.\r\n\r\n\u2022\tDevelopment and production of photographic and video campaigns for the Patagonia brand.\r\n\u2022\tCreation and production of special projects which use video and photography to deliver campaigns focused on regional conservation issues and driving engagement and partnership from local and national NGO\u2019s and conservation groups.\r\n\r\nSuccess to date includes significant lift in store traffic year over year, +100% growth of database, over 50% organic growth of social community as well as significant media impressions.", "videoURL": "", "title": "Patagonia", "slug": "patagonia", "mediaField": [], "pdf": [], "pageType": "text", "order": 0}}, {"pk": 6, "model": "dotdotdash.page", "fields": {"textFields": "A required field?", "videoURL": "", "title": "Canoe North 2", "slug": "canoe-north-2", "mediaField": [20], "pdf": [2], "pageType": "pdf", "order": 0}}, {"pk": 7, "model": "dotdotdash.page", "fields": {"textFields": "", "videoURL": "", "title": "Canoe North 01", "slug": "canoe-north-01", "mediaField": [33], "pdf": [], "pageType": "singleImage", "order": 1}}, {"pk": 8, "model": "dotdotdash.page", "fields": {"textFields": "", "videoURL": "", "title": "Canoe North 02", "slug": "canoe-north-02", "mediaField": [34], "pdf": [], "pageType": "singleImage", "order": 2}}, {"pk": 9, "model": "dotdotdash.page", "fields": {"textFields": "", "videoURL": "", "title": "Canoe North 03", "slug": "canoe-north-03", "mediaField": [35], "pdf": [], "pageType": "singleImage", "order": 3}}, {"pk": 10, "model": "dotdotdash.page", "fields": {"textFields": "", "videoURL": "", "title": "Canoe North 04", "slug": "canoe-north-04", "mediaField": [36], "pdf": [], "pageType": "singleImage", "order": 4}}, {"pk": 11, "model": "dotdotdash.page", "fields": {"textFields": "", "videoURL": "", "title": "Canoe North 05", "slug": "canoe-north-05", "mediaField": [37], "pdf": [], "pageType": "singleImage", "order": 5}}, {"pk": 12, "model": "dotdotdash.page", "fields": {"textFields": "", "videoURL": "", "title": "Canoe North 06", "slug": "canoe-north-06", "mediaField": [38], "pdf": [], "pageType": "singleImage", "order": 6}}, {"pk": 13, "model": "dotdotdash.page", "fields": {"textFields": "", "videoURL": "", "title": "Canoe North 07", "slug": "canoe-north-07", "mediaField": [39], "pdf": [], "pageType": "singleImage", "order": 7}}, {"pk": 14, "model": "dotdotdash.page", "fields": {"textFields": "", "videoURL": "", "title": "Canoe North 08", "slug": "canoe-north-08", "mediaField": [40], "pdf": [], "pageType": "singleImage", "order": 8}}, {"pk": 15, "model": "dotdotdash.page", "fields": {"textFields": "", "videoURL": "", "title": "foodstock-pdf", "slug": "foodstock-pdf", "mediaField": [41], "pdf": [42], "pageType": "pdf", "order": 1}}, {"pk": 16, "model": "dotdotdash.page", "fields": {"textFields": "", "videoURL": "", "title": "foodstock-port-1", "slug": "foodstock-port-1", "mediaField": [43], "pdf": [], "pageType": "singleImage", "order": 2}}, {"pk": 17, "model": "dotdotdash.page", "fields": {"textFields": "", "videoURL": "", "title": "foodstock-port-2", "slug": "foodstock-port-2", "mediaField": [44], "pdf": [], "pageType": "singleImage", "order": 3}}, {"pk": 18, "model": "dotdotdash.page", "fields": {"textFields": "", "videoURL": "", "title": "foodstock-port-4in1", "slug": "foodstock-port-4in1", "mediaField": [45, 46, 47, 48], "pdf": [], "pageType": "fourImage", "order": 4}}, {"pk": 19, "model": "dotdotdash.page", "fields": {"textFields": "", "videoURL": "", "title": "foodstock-photo-1", "slug": "foodstock-photo-1", "mediaField": [49], "pdf": [], "pageType": "singleImage", "order": 5}}, {"pk": 20, "model": "dotdotdash.page", "fields": {"textFields": "", "videoURL": "", "title": "foodstock-soupstock-1", "slug": "foodstock-soupstock-1", "mediaField": [50], "pdf": [], "pageType": "singleImage", "order": 6}}, {"pk": 21, "model": "dotdotdash.page", "fields": {"textFields": "", "videoURL": "", "title": "foodstock-poster", "slug": "foodstock-poster", "mediaField": [51], "pdf": [], "pageType": "singleImageNoStrech", "order": 7}}, {"pk": 22, "model": "dotdotdash.page", "fields": {"textFields": "", "videoURL": "", "title": "foodstock-photo-2", "slug": "foodstock-photo-2", "mediaField": [52], "pdf": [], "pageType": "singleImage", "order": 8}}, {"pk": 23, "model": "dotdotdash.page", "fields": {"textFields": "", "videoURL": "", "title": "foodstock-photo-4-1", "slug": "foodstock-photo-4-1", "mediaField": [53, 54, 55, 56], "pdf": [], "pageType": "fourImage", "order": 9}}, {"pk": 24, "model": "dotdotdash.page", "fields": {"textFields": "", "videoURL": "", "title": "foodstock-photo-3", "slug": "foodstock-photo-3", "mediaField": [57], "pdf": [], "pageType": "singleImage", "order": 10}}, {"pk": 25, "model": "dotdotdash.page", "fields": {"textFields": "", "videoURL": "", "title": "foodstock-photo-4-2", "slug": "foodstock-photo-4-2", "mediaField": [58, 59, 60, 61], "pdf": [], "pageType": "fourImage", "order": 11}}, {"pk": 26, "model": "dotdotdash.page", "fields": {"textFields": "", "videoURL": "", "title": "foodstock-photo-4", "slug": "foodstock-photo-4", "mediaField": [62], "pdf": [], "pageType": "singleImageNoStrech", "order": 12}}, {"pk": 27, "model": "dotdotdash.page", "fields": {"textFields": "", "videoURL": "", "title": "foodstock-photo-4-3", "slug": "foodstock-photo-4-3", "mediaField": [63, 64, 65, 66], "pdf": [], "pageType": "fourImage", "order": 13}}, {"pk": 28, "model": "dotdotdash.page", "fields": {"textFields": "", "videoURL": "", "title": "foodstock-photo-5", "slug": "foodstock-photo-5", "mediaField": [67], "pdf": [], "pageType": "singleImage", "order": 14}}, {"pk": 29, "model": "dotdotdash.page", "fields": {"textFields": "", "videoURL": "", "title": "patagonia-ourwater-1", "slug": "patagonia-ourwater-1", "mediaField": [68], "pdf": [], "pageType": "singleImageNoStrech", "order": 1}}, {"pk": 30, "model": "dotdotdash.page", "fields": {"textFields": "", "videoURL": "", "title": "patagonia-ourwater-2", "slug": "patagonia-ourwater-2", "mediaField": [79], "pdf": [], "pageType": "singleImageNoStrech", "order": 2}}, {"pk": 31, "model": "dotdotdash.page", "fields": {"textFields": "", "videoURL": "", "title": "patagonia-ourwater-3", "slug": "patagonia-ourwater-3", "mediaField": [70], "pdf": [], "pageType": "singleImageNoStrech", "order": 3}}, {"pk": 32, "model": "dotdotdash.page", "fields": {"textFields": "", "videoURL": "", "title": "patagonia-mlife-1", "slug": "patagonia-mlife-1", "mediaField": [77], "pdf": [], "pageType": "singleImageNoStrech", "order": 4}}, {"pk": 33, "model": "dotdotdash.page", "fields": {"textFields": "", "videoURL": "", "title": "patagonia-mlife-2", "slug": "patagonia-mlife-2", "mediaField": [78], "pdf": [], "pageType": "singleImageNoStrech", "order": 5}}, {"pk": 34, "model": "dotdotdash.page", "fields": {"textFields": "", "videoURL": "", "title": "patagonia-pers-1", "slug": "patagonia-pers-1", "mediaField": [73], "pdf": [], "pageType": "singleImage", "order": 6}}, {"pk": 35, "model": "dotdotdash.page", "fields": {"textFields": "", "videoURL": "", "title": "patagonia-pers-2", "slug": "patagonia-pers-2", "mediaField": [74], "pdf": [], "pageType": "singleImage", "order": 7}}, {"pk": 36, "model": "dotdotdash.page", "fields": {"textFields": "", "videoURL": "", "title": "patagonia-add-1", "slug": "patagonia-add-1", "mediaField": [80], "pdf": [], "pageType": "singleImageNoStrech", "order": 8}}, {"pk": 37, "model": "dotdotdash.page", "fields": {"textFields": "", "videoURL": "", "title": "patagonia-guide-1", "slug": "patagonia-guide-1", "mediaField": [81], "pdf": [], "pageType": "singleImageNoStrech", "order": 9}}, {"pk": 38, "model": "dotdotdash.page", "fields": {"textFields": "", "videoURL": "", "title": "patagonia-news-1", "slug": "patagonia-news-1", "mediaField": [82], "pdf": [], "pageType": "singleImageNoStrech", "order": 10}}, {"pk": 39, "model": "dotdotdash.page", "fields": {"textFields": "", "videoURL": "", "title": "patagonia-news-2", "slug": "patagonia-news-2", "mediaField": [83], "pdf": [], "pageType": "singleImageNoStrech", "order": 11}}, {"pk": 40, "model": "dotdotdash.page", "fields": {"textFields": "", "videoURL": "", "title": "patagonia-news-3", "slug": "patagonia-news-3", "mediaField": [84], "pdf": [], "pageType": "singleImageNoStrech", "order": 12}}, {"pk": 41, "model": "dotdotdash.page", "fields": {"textFields": "", "videoURL": "", "title": "patagonia-news-4", "slug": "patagonia-news-4", "mediaField": [85], "pdf": [], "pageType": "singleImageNoStrech", "order": 13}}, {"pk": 42, "model": "dotdotdash.page", "fields": {"textFields": "", "videoURL": "", "title": "patagonia-poster-1", "slug": "patagonia-poster-1", "mediaField": [86], "pdf": [], "pageType": "singleImageNoStrech", "order": 14}}, {"pk": 43, "model": "dotdotdash.page", "fields": {"textFields": "", "videoURL": "", "title": "patch-logo", "slug": "patch-logo", "mediaField": [87], "pdf": [], "pageType": "singleImageNoStrech", "order": 1}}, {"pk": 44, "model": "dotdotdash.page", "fields": {"textFields": "", "videoURL": "", "title": "patch-pic-1", "slug": "patch-pic-1", "mediaField": [88], "pdf": [], "pageType": "singleImage", "order": 2}}, {"pk": 45, "model": "dotdotdash.page", "fields": {"textFields": "", "videoURL": "", "title": "patch-pic-2", "slug": "patch-pic-2", "mediaField": [89], "pdf": [], "pageType": "singleImageNoStrech", "order": 3}}, {"pk": 46, "model": "dotdotdash.page", "fields": {"textFields": "", "videoURL": "", "title": "patch-pic-3", "slug": "patch-pic-3", "mediaField": [90], "pdf": [], "pageType": "singleImageNoStrech", "order": 4}}, {"pk": 47, "model": "dotdotdash.page", "fields": {"textFields": "", "videoURL": "", "title": "patch-web-1", "slug": "patch-web-1", "mediaField": [91], "pdf": [], "pageType": "singleImageNoStrech", "order": 5}}, {"pk": 48, "model": "dotdotdash.page", "fields": {"textFields": "", "videoURL": "", "title": "patch-news-1", "slug": "patch-news-1", "mediaField": [92], "pdf": [], "pageType": "singleImageNoStrech", "order": 6}}, {"pk": 49, "model": "dotdotdash.page", "fields": {"textFields": "", "videoURL": "", "title": "patch-news-2", "slug": "patch-news-2", "mediaField": [93], "pdf": [], "pageType": "singleImageNoStrech", "order": 7}}, {"pk": 50, "model": "dotdotdash.page", "fields": {"textFields": "", "videoURL": "", "title": "singhampton-news-1", "slug": "singhampton-news-1", "mediaField": [97], "pdf": [], "pageType": "singleImageNoStrech", "order": 0}}, {"pk": 51, "model": "dotdotdash.page", "fields": {"textFields": "", "videoURL": "", "title": "singhampton-pic-1", "slug": "singhampton-pic-1", "mediaField": [94], "pdf": [], "pageType": "singleImage", "order": 0}}, {"pk": 53, "model": "dotdotdash.page", "fields": {"textFields": "", "videoURL": "", "title": "singhampton-pic-2", "slug": "singhampton-pic-2", "mediaField": [95], "pdf": [], "pageType": "singleImage", "order": 0}}, {"pk": 54, "model": "dotdotdash.page", "fields": {"textFields": "", "videoURL": "", "title": "singhampton-pic-3", "slug": "singhampton-pic-3", "mediaField": [96], "pdf": [], "pageType": "singleImage", "order": 0}}, {"pk": 55, "model": "dotdotdash.page", "fields": {"textFields": "", "videoURL": "", "title": "singhampton-poster-1", "slug": "singhampton-poster-1", "mediaField": [98], "pdf": [], "pageType": "singleImageNoStrech", "order": 0}}, {"pk": 56, "model": "dotdotdash.page", "fields": {"textFields": "", "videoURL": "", "title": "singhampton-pic-4", "slug": "singhampton-pic-4", "mediaField": [99], "pdf": [], "pageType": "singleImage", "order": 0}}, {"pk": 57, "model": "dotdotdash.page", "fields": {"textFields": "", "videoURL": "", "title": "singhampton-pic-5", "slug": "singhampton-pic-5", "mediaField": [100], "pdf": [], "pageType": "singleImage", "order": 0}}, {"pk": 58, "model": "dotdotdash.page", "fields": {"textFields": "", "videoURL": "", "title": "singhampton-pic-6", "slug": "singhampton-pic-6", "mediaField": [101], "pdf": [], "pageType": "singleImage", "order": 0}}, {"pk": 59, "model": "dotdotdash.page", "fields": {"textFields": "", "videoURL": "", "title": "singhampton-pic-7", "slug": "singhampton-pic-7", "mediaField": [102], "pdf": [], "pageType": "singleImage", "order": 0}}, {"pk": 60, "model": "dotdotdash.page", "fields": {"textFields": "", "videoURL": "", "title": "singhampton-pic-8", "slug": "singhampton-pic-8", "mediaField": [103], "pdf": [], "pageType": "singleImage", "order": 0}}, {"pk": 61, "model": "dotdotdash.page", "fields": {"textFields": "", "videoURL": "", "title": "singhampton-pic-9", "slug": "singhampton-pic-9", "mediaField": [104], "pdf": [], "pageType": "singleImage", "order": 0}}, {"pk": 1, "model": "dotdotdash.work", "fields": {"datefororder": "2013-07-09", "subTitle": "MEDIA OUTREACH AND EVENT PROMOTION", "description": "This is a description", "title": "THE SINGHAMPTON PROJECT", "pages": [50, 51, 53, 54, 55, 56, 57, 58, 59, 60, 61], "slug": "the-singhampton-project", "is_a_sos_project": false, "order": 0}}, {"pk": 2, "model": "dotdotdash.work", "fields": {"datefororder": "2013-07-09", "subTitle": "STRATEGY, SOCIAL ENGAGEMENT, MEDIA RELATIONS, CONTENT", "description": "This is a description", "title": "PATAGONIA", "pages": [29, 30, 31, 32, 33, 34, 35, 36, 37, 38, 39, 40, 41, 42], "slug": "patagonia", "is_a_sos_project": false, "order": 0}}, {"pk": 3, "model": "dotdotdash.work", "fields": {"datefororder": "2013-07-09", "subTitle": "Product launch strategy and marketing", "description": "This is a description", "title": "Patch Planters", "pages": [43, 44, 45, 46, 47, 48, 49], "slug": "patch-planters", "is_a_sos_project": false, "order": 0}}, {"pk": 6, "model": "dotdotdash.work", "fields": {"datefororder": "2013-07-09", "subTitle": "STUDIO ON SUSTAINABILITY", "description": "This is a description", "title": "SOS PROJECTS", "pages": [1], "slug": "sos-projects", "is_a_sos_project": true, "order": 99}}, {"pk": 7, "model": "dotdotdash.work", "fields": {"datefororder": "2013-07-09", "subTitle": "A Canoe Adventure", "description": "This is a short description", "title": "Canoe North", "pages": [7, 8, 9, 10, 11, 12, 13, 14], "slug": "canoe-north", "is_a_sos_project": false, "order": 0}}, {"pk": 8, "model": "dotdotdash.work", "fields": {"datefororder": "2013-07-09", "subTitle": "A subtitle", "description": "This is a brief description", "title": "Foodstock/Soupstock", "pages": [15, 16, 17, 18, 19, 20, 21, 22, 23, 24, 25, 26, 27, 28], "slug": "foodstocksoupstock", "is_a_sos_project": false, "order": 0}}, {"pk": 1, "model": "dotdotdash.contact", "fields": {"backgroundimage": 10, "contant": "<h3>DOT DOT DASH<br/>HAS OFFICES IN TORONTO, CANADA BUT WORKS WITH CLIENTS ALL OVER THE WORLD.</h3>\r\n\r\n<ul>\r\n<li>\r\nYOU CAN CALL US ON THE PHONE<br/>\r\n<span class=\"phone\"><a href=\"tel:14167863533\">+ 1.416.786.3533</a></span>\r\n</li>\r\n\r\n<li>OR SEND US AN EMAIL<br/>\r\n<span class=\"email\"><a href=\"mailto:hello@dotdotdash.ca\">hello@dotdotdash.ca</a></span>\r\n</ul>"}}, {"pk": 1, "model": "auth.permission", "fields": {"codename": "add_permission", "name": "Can add permission", "content_type": 1}}, {"pk": 2, "model": "auth.permission", "fields": {"codename": "change_permission", "name": "Can change permission", "content_type": 1}}, {"pk": 3, "model": "auth.permission", "fields": {"codename": "delete_permission", "name": "Can delete permission", "content_type": 1}}, {"pk": 4, "model": "auth.permission", "fields": {"codename": "add_group", "name": "Can add group", "content_type": 2}}, {"pk": 5, "model": "auth.permission", "fields": {"codename": "change_group", "name": "Can change group", "content_type": 2}}, {"pk": 6, "model": "auth.permission", "fields": {"codename": "delete_group", "name": "Can delete group", "content_type": 2}}, {"pk": 7, "model": "auth.permission", "fields": {"codename": "add_user", "name": "Can add user", "content_type": 3}}, {"pk": 8, "model": "auth.permission", "fields": {"codename": "change_user", "name": "Can change user", "content_type": 3}}, {"pk": 9, "model": "auth.permission", "fields": {"codename": "delete_user", "name": "Can delete user", "content_type": 3}}, {"pk": 10, "model": "auth.permission", "fields": {"codename": "add_contenttype", "name": "Can add content type", "content_type": 4}}, {"pk": 11, "model": "auth.permission", "fields": {"codename": "change_contenttype", "name": "Can change content type", "content_type": 4}}, {"pk": 12, "model": "auth.permission", "fields": {"codename": "delete_contenttype", "name": "Can delete content type", "content_type": 4}}, {"pk": 13, "model": "auth.permission", "fields": {"codename": "add_session", "name": "Can add session", "content_type": 5}}, {"pk": 14, "model": "auth.permission", "fields": {"codename": "change_session", "name": "Can change session", "content_type": 5}}, {"pk": 15, "model": "auth.permission", "fields": {"codename": "delete_session", "name": "Can delete session", "content_type": 5}}, {"pk": 16, "model": "auth.permission", "fields": {"codename": "add_site", "name": "Can add site", "content_type": 6}}, {"pk": 17, "model": "auth.permission", "fields": {"codename": "change_site", "name": "Can change site", "content_type": 6}}, {"pk": 18, "model": "auth.permission", "fields": {"codename": "delete_site", "name": "Can delete site", "content_type": 6}}, {"pk": 19, "model": "auth.permission", "fields": {"codename": "add_logentry", "name": "Can add log entry", "content_type": 7}}, {"pk": 20, "model": "auth.permission", "fields": {"codename": "change_logentry", "name": "Can change log entry", "content_type": 7}}, {"pk": 21, "model": "auth.permission", "fields": {"codename": "delete_logentry", "name": "Can delete log entry", "content_type": 7}}, {"pk": 22, "model": "auth.permission", "fields": {"codename": "add_medianode", "name": "Can add media node", "content_type": 8}}, {"pk": 23, "model": "auth.permission", "fields": {"codename": "change_medianode", "name": "Can change media node", "content_type": 8}}, {"pk": 24, "model": "auth.permission", "fields": {"codename": "delete_medianode", "name": "Can delete media node", "content_type": 8}}, {"pk": 25, "model": "auth.permission", "fields": {"codename": "add_home", "name": "Can add home", "content_type": 9}}, {"pk": 26, "model": "auth.permission", "fields": {"codename": "change_home", "name": "Can change home", "content_type": 9}}, {"pk": 27, "model": "auth.permission", "fields": {"codename": "delete_home", "name": "Can delete home", "content_type": 9}}, {"pk": 28, "model": "auth.permission", "fields": {"codename": "add_about", "name": "Can add about", "content_type": 10}}, {"pk": 29, "model": "auth.permission", "fields": {"codename": "change_about", "name": "Can change about", "content_type": 10}}, {"pk": 30, "model": "auth.permission", "fields": {"codename": "delete_about", "name": "Can delete about", "content_type": 10}}, {"pk": 31, "model": "auth.permission", "fields": {"codename": "add_services", "name": "Can add services", "content_type": 11}}, {"pk": 32, "model": "auth.permission", "fields": {"codename": "change_services", "name": "Can change services", "content_type": 11}}, {"pk": 33, "model": "auth.permission", "fields": {"codename": "delete_services", "name": "Can delete services", "content_type": 11}}, {"pk": 34, "model": "auth.permission", "fields": {"codename": "add_clients", "name": "Can add clients", "content_type": 12}}, {"pk": 35, "model": "auth.permission", "fields": {"codename": "change_clients", "name": "Can change clients", "content_type": 12}}, {"pk": 36, "model": "auth.permission", "fields": {"codename": "delete_clients", "name": "Can delete clients", "content_type": 12}}, {"pk": 37, "model": "auth.permission", "fields": {"codename": "add_page", "name": "Can add page", "content_type": 13}}, {"pk": 38, "model": "auth.permission", "fields": {"codename": "change_page", "name": "Can change page", "content_type": 13}}, {"pk": 39, "model": "auth.permission", "fields": {"codename": "delete_page", "name": "Can delete page", "content_type": 13}}, {"pk": 40, "model": "auth.permission", "fields": {"codename": "add_work", "name": "Can add work", "content_type": 14}}, {"pk": 41, "model": "auth.permission", "fields": {"codename": "change_work", "name": "Can change work", "content_type": 14}}, {"pk": 42, "model": "auth.permission", "fields": {"codename": "delete_work", "name": "Can delete work", "content_type": 14}}, {"pk": 43, "model": "auth.permission", "fields": {"codename": "add_contact", "name": "Can add contact", "content_type": 15}}, {"pk": 44, "model": "auth.permission", "fields": {"codename": "change_contact", "name": "Can change contact", "content_type": 15}}, {"pk": 45, "model": "auth.permission", "fields": {"codename": "delete_contact", "name": "Can delete contact", "content_type": 15}}, {"pk": 1, "model": "auth.user", "fields": {"username": "admin", "first_name": "", "last_name": "", "is_active": true, "is_superuser": true, "is_staff": true, "last_login": "2013-07-09T19:05:59.275Z", "groups": [], "user_permissions": [], "password": "pbkdf2_sha256$10000$SgZoKgFveDHm$Ba5ypMkPhfUWS9H0NP02yg/UBGjw1/EZppEBmNEnDB0=", "email": "admin@admin.com", "date_joined": "2013-07-05T15:57:50.717Z"}}, {"pk": 1, "model": "admin.logentry", "fields": {"action_flag": 1, "action_time": "2013-07-05T16:01:36.841Z", "object_repr": "About object", "object_id": "1", "change_message": "", "user": 1, "content_type": 10}}, {"pk": 2, "model": "admin.logentry", "fields": {"action_flag": 1, "action_time": "2013-07-05T16:03:19.154Z", "object_repr": "antica.png", "object_id": "1", "change_message": "", "user": 1, "content_type": 8}}, {"pk": 3, "model": "admin.logentry", "fields": {"action_flag": 3, "action_time": "2013-07-05T16:04:35.290Z", "object_repr": "antica.png", "object_id": "1", "change_message": "", "user": 1, "content_type": 8}}, {"pk": 4, "model": "admin.logentry", "fields": {"action_flag": 1, "action_time": "2013-07-05T16:05:19.404Z", "object_repr": "environmentaldefence.png", "object_id": "1", "change_message": "", "user": 1, "content_type": 8}}, {"pk": 5, "model": "admin.logentry", "fields": {"action_flag": 3, "action_time": "2013-07-05T16:14:20.730Z", "object_repr": "environmentaldefence.png", "object_id": "1", "change_message": "", "user": 1, "content_type": 8}}, {"pk": 6, "model": "admin.logentry", "fields": {"action_flag": 1, "action_time": "2013-07-05T16:16:05.682Z", "object_repr": "northwatercapital.png", "object_id": "1", "change_message": "", "user": 1, "content_type": 8}}, {"pk": 7, "model": "admin.logentry", "fields": {"action_flag": 1, "action_time": "2013-07-05T16:30:56.245Z", "object_repr": "canoenorth-logo.png", "object_id": "2", "change_message": "", "user": 1, "content_type": 8}}, {"pk": 8, "model": "admin.logentry", "fields": {"action_flag": 2, "action_time": "2013-07-05T16:31:04.695Z", "object_repr": "canoenorth-logo.png", "object_id": "2", "change_message": "Changed order.", "user": 1, "content_type": 8}}, {"pk": 9, "model": "admin.logentry", "fields": {"action_flag": 2, "action_time": "2013-07-05T16:31:14.289Z", "object_repr": "canoenorth-logo.png", "object_id": "2", "change_message": "Changed order.", "user": 1, "content_type": 8}}, {"pk": 10, "model": "admin.logentry", "fields": {"action_flag": 1, "action_time": "2013-07-05T16:32:24.717Z", "object_repr": "ramsaytalks.png", "object_id": "3", "change_message": "", "user": 1, "content_type": 8}}, {"pk": 11, "model": "admin.logentry", "fields": {"action_flag": 1, "action_time": "2013-07-05T16:33:15.691Z", "object_repr": "vid2.mp4", "object_id": "4", "change_message": "", "user": 1, "content_type": 8}}, {"pk": 12, "model": "admin.logentry", "fields": {"action_flag": 1, "action_time": "2013-07-05T16:33:29.787Z", "object_repr": "vid2.ogv", "object_id": "5", "change_message": "", "user": 1, "content_type": 8}}, {"pk": 13, "model": "admin.logentry", "fields": {"action_flag": 1, "action_time": "2013-07-05T16:33:38.971Z", "object_repr": "vid2.webm", "object_id": "6", "change_message": "", "user": 1, "content_type": 8}}, {"pk": 14, "model": "admin.logentry", "fields": {"action_flag": 1, "action_time": "2013-07-05T16:33:46.334Z", "object_repr": "vidback2.jpg", "object_id": "7", "change_message": "", "user": 1, "content_type": 8}}, {"pk": 15, "model": "admin.logentry", "fields": {"action_flag": 1, "action_time": "2013-07-05T16:51:58.136Z", "object_repr": "Services object", "object_id": "1", "change_message": "", "user": 1, "content_type": 11}}, {"pk": 16, "model": "admin.logentry", "fields": {"action_flag": 2, "action_time": "2013-07-05T16:53:43.687Z", "object_repr": "Services object", "object_id": "1", "change_message": "Changed services.", "user": 1, "content_type": 11}}, {"pk": 17, "model": "admin.logentry", "fields": {"action_flag": 1, "action_time": "2013-07-05T16:54:49.625Z", "object_repr": "Clients object", "object_id": "1", "change_message": "", "user": 1, "content_type": 12}}, {"pk": 18, "model": "admin.logentry", "fields": {"action_flag": 1, "action_time": "2013-07-05T16:58:02.369Z", "object_repr": "Home object", "object_id": "1", "change_message": "", "user": 1, "content_type": 9}}, {"pk": 19, "model": "admin.logentry", "fields": {"action_flag": 1, "action_time": "2013-07-05T17:01:59.144Z", "object_repr": "background1.jpg", "object_id": "8", "change_message": "", "user": 1, "content_type": 8}}, {"pk": 20, "model": "admin.logentry", "fields": {"action_flag": 2, "action_time": "2013-07-05T17:02:03.446Z", "object_repr": "About object", "object_id": "1", "change_message": "Changed backgroundimage.", "user": 1, "content_type": 10}}, {"pk": 21, "model": "admin.logentry", "fields": {"action_flag": 1, "action_time": "2013-07-05T17:04:15.311Z", "object_repr": "Contact object", "object_id": "1", "change_message": "", "user": 1, "content_type": 15}}, {"pk": 22, "model": "admin.logentry", "fields": {"action_flag": 1, "action_time": "2013-07-05T17:07:05.084Z", "object_repr": "The Singhampton Project", "object_id": "1", "change_message": "", "user": 1, "content_type": 13}}, {"pk": 23, "model": "admin.logentry", "fields": {"action_flag": 1, "action_time": "2013-07-05T17:13:24.616Z", "object_repr": "THE SINGHAMPTON PROJECT", "object_id": "1", "change_message": "", "user": 1, "content_type": 14}}, {"pk": 24, "model": "admin.logentry", "fields": {"action_flag": 1, "action_time": "2013-07-05T17:16:17.221Z", "object_repr": "PATAGONIA", "object_id": "2", "change_message": "", "user": 1, "content_type": 14}}, {"pk": 25, "model": "admin.logentry", "fields": {"action_flag": 1, "action_time": "2013-07-05T17:16:56.121Z", "object_repr": "PATCH", "object_id": "3", "change_message": "", "user": 1, "content_type": 14}}, {"pk": 26, "model": "admin.logentry", "fields": {"action_flag": 1, "action_time": "2013-07-05T17:17:48.933Z", "object_repr": "RAMSAY TALKS", "object_id": "4", "change_message": "", "user": 1, "content_type": 14}}, {"pk": 27, "model": "admin.logentry", "fields": {"action_flag": 1, "action_time": "2013-07-05T17:18:20.981Z", "object_repr": "WATERLUTION", "object_id": "5", "change_message": "", "user": 1, "content_type": 14}}, {"pk": 28, "model": "admin.logentry", "fields": {"action_flag": 1, "action_time": "2013-07-05T17:19:06.268Z", "object_repr": "SOS PROJECTS", "object_id": "6", "change_message": "", "user": 1, "content_type": 14}}, {"pk": 29, "model": "admin.logentry", "fields": {"action_flag": 2, "action_time": "2013-07-05T18:42:12.262Z", "object_repr": "Patch Planters", "object_id": "3", "change_message": "Changed title and subTitle.", "user": 1, "content_type": 14}}, {"pk": 30, "model": "admin.logentry", "fields": {"action_flag": 2, "action_time": "2013-07-05T18:43:02.726Z", "object_repr": "Patch Planters", "object_id": "1", "change_message": "Changed title and textFields.", "user": 1, "content_type": 13}}, {"pk": 31, "model": "admin.logentry", "fields": {"action_flag": 1, "action_time": "2013-07-05T18:44:23.068Z", "object_repr": "The Singhampton Project", "object_id": "2", "change_message": "", "user": 1, "content_type": 13}}, {"pk": 32, "model": "admin.logentry", "fields": {"action_flag": 1, "action_time": "2013-07-05T18:45:56.040Z", "object_repr": "Metrac", "object_id": "3", "change_message": "", "user": 1, "content_type": 13}}, {"pk": 33, "model": "admin.logentry", "fields": {"action_flag": 1, "action_time": "2013-07-05T18:48:03.991Z", "object_repr": "Canoe north", "object_id": "4", "change_message": "", "user": 1, "content_type": 13}}, {"pk": 34, "model": "admin.logentry", "fields": {"action_flag": 1, "action_time": "2013-07-05T18:51:16.917Z", "object_repr": "Patagonia", "object_id": "5", "change_message": "", "user": 1, "content_type": 13}}, {"pk": 35, "model": "admin.logentry", "fields": {"action_flag": 2, "action_time": "2013-07-05T18:54:57.891Z", "object_repr": "Canoe North", "object_id": "4", "change_message": "Changed title.", "user": 1, "content_type": 13}}, {"pk": 36, "model": "admin.logentry", "fields": {"action_flag": 1, "action_time": "2013-07-05T19:14:40.326Z", "object_repr": "background3.jpg", "object_id": "9", "change_message": "", "user": 1, "content_type": 8}}, {"pk": 37, "model": "admin.logentry", "fields": {"action_flag": 2, "action_time": "2013-07-05T19:28:24.570Z", "object_repr": "Clients object", "object_id": "1", "change_message": "Changed backgroundimage.", "user": 1, "content_type": 12}}, {"pk": 38, "model": "admin.logentry", "fields": {"action_flag": 1, "action_time": "2013-07-05T19:28:50.299Z", "object_repr": "background12.jpg", "object_id": "10", "change_message": "", "user": 1, "content_type": 8}}, {"pk": 39, "model": "admin.logentry", "fields": {"action_flag": 2, "action_time": "2013-07-05T19:28:52.931Z", "object_repr": "Contact object", "object_id": "1", "change_message": "Changed backgroundimage.", "user": 1, "content_type": 15}}, {"pk": 40, "model": "admin.logentry", "fields": {"action_flag": 1, "action_time": "2013-07-05T19:29:31.630Z", "object_repr": "background2.jpg", "object_id": "11", "change_message": "", "user": 1, "content_type": 8}}, {"pk": 41, "model": "admin.logentry", "fields": {"action_flag": 1, "action_time": "2013-07-05T19:29:43.444Z", "object_repr": "background4.jpg", "object_id": "12", "change_message": "", "user": 1, "content_type": 8}}, {"pk": 42, "model": "admin.logentry", "fields": {"action_flag": 1, "action_time": "2013-07-05T19:29:52.837Z", "object_repr": "background5.jpg", "object_id": "13", "change_message": "", "user": 1, "content_type": 8}}, {"pk": 43, "model": "admin.logentry", "fields": {"action_flag": 1, "action_time": "2013-07-05T19:30:07.205Z", "object_repr": "background6.jpg", "object_id": "14", "change_message": "", "user": 1, "content_type": 8}}, {"pk": 44, "model": "admin.logentry", "fields": {"action_flag": 1, "action_time": "2013-07-05T19:30:17.353Z", "object_repr": "background7.jpg", "object_id": "15", "change_message": "", "user": 1, "content_type": 8}}, {"pk": 45, "model": "admin.logentry", "fields": {"action_flag": 1, "action_time": "2013-07-05T19:30:30.805Z", "object_repr": "background8.jpg", "object_id": "16", "change_message": "", "user": 1, "content_type": 8}}, {"pk": 46, "model": "admin.logentry", "fields": {"action_flag": 1, "action_time": "2013-07-05T19:30:42.282Z", "object_repr": "background9.jpg", "object_id": "17", "change_message": "", "user": 1, "content_type": 8}}, {"pk": 47, "model": "admin.logentry", "fields": {"action_flag": 2, "action_time": "2013-07-05T19:30:44.599Z", "object_repr": "Services object", "object_id": "1", "change_message": "Changed backgroundimage, socimage, brandingimage, researchimage, creativedevimage, contentproductionimage and resultsimage.", "user": 1, "content_type": 11}}, {"pk": 48, "model": "admin.logentry", "fields": {"action_flag": 1, "action_time": "2013-07-05T19:31:11.031Z", "object_repr": "background13.jpg", "object_id": "18", "change_message": "", "user": 1, "content_type": 8}}, {"pk": 49, "model": "admin.logentry", "fields": {"action_flag": 2, "action_time": "2013-07-05T19:31:12.720Z", "object_repr": "Home object", "object_id": "1", "change_message": "Changed workbackgroundimage.", "user": 1, "content_type": 9}}, {"pk": 50, "model": "admin.logentry", "fields": {"action_flag": 2, "action_time": "2013-07-05T19:31:48.376Z", "object_repr": "Contact object", "object_id": "1", "change_message": "No fields changed.", "user": 1, "content_type": 15}}, {"pk": 51, "model": "admin.logentry", "fields": {"action_flag": 2, "action_time": "2013-07-09T01:40:22.762Z", "object_repr": "Contact object", "object_id": "1", "change_message": "Changed contant.", "user": 1, "content_type": 15}}, {"pk": 52, "model": "admin.logentry", "fields": {"action_flag": 2, "action_time": "2013-07-09T01:41:50.793Z", "object_repr": "Contact object", "object_id": "1", "change_message": "Changed contant.", "user": 1, "content_type": 15}}, {"pk": 53, "model": "admin.logentry", "fields": {"action_flag": 2, "action_time": "2013-07-09T02:01:38.054Z", "object_repr": "Contact object", "object_id": "1", "change_message": "Changed contant.", "user": 1, "content_type": 15}}, {"pk": 54, "model": "admin.logentry", "fields": {"action_flag": 2, "action_time": "2013-07-09T02:02:51.699Z", "object_repr": "Contact object", "object_id": "1", "change_message": "Changed contant.", "user": 1, "content_type": 15}}, {"pk": 55, "model": "admin.logentry", "fields": {"action_flag": 2, "action_time": "2013-07-09T02:03:39.565Z", "object_repr": "Contact object", "object_id": "1", "change_message": "Changed contant.", "user": 1, "content_type": 15}}, {"pk": 56, "model": "admin.logentry", "fields": {"action_flag": 2, "action_time": "2013-07-09T02:17:00.887Z", "object_repr": "Contact object", "object_id": "1", "change_message": "Changed contant.", "user": 1, "content_type": 15}}, {"pk": 57, "model": "admin.logentry", "fields": {"action_flag": 2, "action_time": "2013-07-09T02:19:50.500Z", "object_repr": "Contact object", "object_id": "1", "change_message": "Changed contant.", "user": 1, "content_type": 15}}, {"pk": 58, "model": "admin.logentry", "fields": {"action_flag": 2, "action_time": "2013-07-09T02:20:13.552Z", "object_repr": "Contact object", "object_id": "1", "change_message": "Changed contant.", "user": 1, "content_type": 15}}, {"pk": 59, "model": "admin.logentry", "fields": {"action_flag": 2, "action_time": "2013-07-09T04:55:14.881Z", "object_repr": "THE SINGHAMPTON PROJECT", "object_id": "1", "change_message": "Changed pages.", "user": 1, "content_type": 14}}, {"pk": 60, "model": "admin.logentry", "fields": {"action_flag": 1, "action_time": "2013-07-09T04:58:09.205Z", "object_repr": "canoenorth.jpg", "object_id": "19", "change_message": "", "user": 1, "content_type": 8}}, {"pk": 61, "model": "admin.logentry", "fields": {"action_flag": 2, "action_time": "2013-07-09T04:58:11.563Z", "object_repr": "Canoe North", "object_id": "4", "change_message": "Changed mediaField.", "user": 1, "content_type": 13}}, {"pk": 62, "model": "admin.logentry", "fields": {"action_flag": 2, "action_time": "2013-07-09T04:58:46.853Z", "object_repr": "Canoe North", "object_id": "4", "change_message": "Changed pageType.", "user": 1, "content_type": 13}}, {"pk": 63, "model": "admin.logentry", "fields": {"action_flag": 1, "action_time": "2013-07-09T04:59:37.460Z", "object_repr": "Canoe North", "object_id": "7", "change_message": "", "user": 1, "content_type": 14}}, {"pk": 64, "model": "admin.logentry", "fields": {"action_flag": 2, "action_time": "2013-07-09T05:03:38.425Z", "object_repr": "Canoe North", "object_id": "7", "change_message": "No fields changed.", "user": 1, "content_type": 14}}, {"pk": 65, "model": "admin.logentry", "fields": {"action_flag": 2, "action_time": "2013-07-09T05:03:48.098Z", "object_repr": "Canoe North", "object_id": "4", "change_message": "No fields changed.", "user": 1, "content_type": 13}}, {"pk": 66, "model": "admin.logentry", "fields": {"action_flag": 1, "action_time": "2013-07-09T05:17:28.193Z", "object_repr": "canoenorth1.jpg", "object_id": "20", "change_message": "", "user": 1, "content_type": 8}}, {"pk": 67, "model": "admin.logentry", "fields": {"action_flag": 1, "action_time": "2013-07-09T05:17:53.946Z", "object_repr": "Canoe North 2", "object_id": "6", "change_message": "", "user": 1, "content_type": 13}}, {"pk": 68, "model": "admin.logentry", "fields": {"action_flag": 2, "action_time": "2013-07-09T05:18:09.861Z", "object_repr": "Canoe North", "object_id": "7", "change_message": "Changed pages.", "user": 1, "content_type": 14}}, {"pk": 69, "model": "admin.logentry", "fields": {"action_flag": 2, "action_time": "2013-07-09T05:19:49.116Z", "object_repr": "Canoe North 2", "object_id": "6", "change_message": "Changed pageType.", "user": 1, "content_type": 13}}, {"pk": 70, "model": "admin.logentry", "fields": {"action_flag": 1, "action_time": "2013-07-09T05:22:23.440Z", "object_repr": "antica.png", "object_id": "21", "change_message": "", "user": 1, "content_type": 8}}, {"pk": 71, "model": "admin.logentry", "fields": {"action_flag": 1, "action_time": "2013-07-09T05:22:39.023Z", "object_repr": "cccongress.png", "object_id": "22", "change_message": "", "user": 1, "content_type": 8}}, {"pk": 72, "model": "admin.logentry", "fields": {"action_flag": 1, "action_time": "2013-07-09T05:22:50.371Z", "object_repr": "david.png", "object_id": "23", "change_message": "", "user": 1, "content_type": 8}}, {"pk": 73, "model": "admin.logentry", "fields": {"action_flag": 1, "action_time": "2013-07-09T05:23:02.723Z", "object_repr": "edc_logo_big.gif", "object_id": "24", "change_message": "", "user": 1, "content_type": 8}}, {"pk": 74, "model": "admin.logentry", "fields": {"action_flag": 1, "action_time": "2013-07-09T05:23:16.188Z", "object_repr": "eigensinn-for-blogs.jpg", "object_id": "25", "change_message": "", "user": 1, "content_type": 8}}, {"pk": 75, "model": "admin.logentry", "fields": {"action_flag": 1, "action_time": "2013-07-09T05:23:25.885Z", "object_repr": "environmentaldefence.png", "object_id": "26", "change_message": "", "user": 1, "content_type": 8}}, {"pk": 76, "model": "admin.logentry", "fields": {"action_flag": 1, "action_time": "2013-07-09T05:23:45.263Z", "object_repr": "patagonia_logo_hirez.jpg", "object_id": "27", "change_message": "", "user": 1, "content_type": 8}}, {"pk": 77, "model": "admin.logentry", "fields": {"action_flag": 1, "action_time": "2013-07-09T05:23:57.223Z", "object_repr": "patch.png", "object_id": "28", "change_message": "", "user": 1, "content_type": 8}}, {"pk": 78, "model": "admin.logentry", "fields": {"action_flag": 2, "action_time": "2013-07-09T05:24:07.972Z", "object_repr": "Clients object", "object_id": "1", "change_message": "Changed clientimages.", "user": 1, "content_type": 12}}, {"pk": 79, "model": "admin.logentry", "fields": {"action_flag": 3, "action_time": "2013-07-09T05:41:26.330Z", "object_repr": "patagonia_logo_hirez.jpg", "object_id": "27", "change_message": "", "user": 1, "content_type": 8}}, {"pk": 80, "model": "admin.logentry", "fields": {"action_flag": 3, "action_time": "2013-07-09T05:41:26.416Z", "object_repr": "environmentaldefence.png", "object_id": "26", "change_message": "", "user": 1, "content_type": 8}}, {"pk": 81, "model": "admin.logentry", "fields": {"action_flag": 3, "action_time": "2013-07-09T05:41:26.421Z", "object_repr": "Eigensinn-for-blogs.jpg", "object_id": "25", "change_message": "", "user": 1, "content_type": 8}}, {"pk": 82, "model": "admin.logentry", "fields": {"action_flag": 3, "action_time": "2013-07-09T05:41:26.426Z", "object_repr": "edc_logo_big.gif", "object_id": "24", "change_message": "", "user": 1, "content_type": 8}}, {"pk": 83, "model": "admin.logentry", "fields": {"action_flag": 1, "action_time": "2013-07-09T05:41:57.628Z", "object_repr": "eigensinn-for-blogs.png", "object_id": "29", "change_message": "", "user": 1, "content_type": 8}}, {"pk": 84, "model": "admin.logentry", "fields": {"action_flag": 1, "action_time": "2013-07-09T05:42:10.804Z", "object_repr": "edc_logo_big.png", "object_id": "30", "change_message": "", "user": 1, "content_type": 8}}, {"pk": 85, "model": "admin.logentry", "fields": {"action_flag": 1, "action_time": "2013-07-09T05:42:28.668Z", "object_repr": "patagonia_logo_hirez.png", "object_id": "31", "change_message": "", "user": 1, "content_type": 8}}, {"pk": 86, "model": "admin.logentry", "fields": {"action_flag": 2, "action_time": "2013-07-09T05:42:31.167Z", "object_repr": "Clients object", "object_id": "1", "change_message": "Changed clientimages.", "user": 1, "content_type": 12}}, {"pk": 87, "model": "admin.logentry", "fields": {"action_flag": 1, "action_time": "2013-07-09T05:44:09.476Z", "object_repr": "environmentaldefence.png", "object_id": "32", "change_message": "", "user": 1, "content_type": 8}}, {"pk": 88, "model": "admin.logentry", "fields": {"action_flag": 2, "action_time": "2013-07-09T05:44:12.019Z", "object_repr": "Clients object", "object_id": "1", "change_message": "Changed clientimages.", "user": 1, "content_type": 12}}, {"pk": 89, "model": "admin.logentry", "fields": {"action_flag": 2, "action_time": "2013-07-09T06:15:21.584Z", "object_repr": "THE SINGHAMPTON PROJECT", "object_id": "1", "change_message": "Changed pages.", "user": 1, "content_type": 14}}, {"pk": 90, "model": "admin.logentry", "fields": {"action_flag": 3, "action_time": "2013-07-09T06:37:51.993Z", "object_repr": "WATERLUTION", "object_id": "5", "change_message": "", "user": 1, "content_type": 14}}, {"pk": 91, "model": "admin.logentry", "fields": {"action_flag": 3, "action_time": "2013-07-09T06:37:51.997Z", "object_repr": "RAMSAY TALKS", "object_id": "4", "change_message": "", "user": 1, "content_type": 14}}, {"pk": 92, "model": "admin.logentry", "fields": {"action_flag": 1, "action_time": "2013-07-09T06:38:53.611Z", "object_repr": "Foodstock/Soupstock", "object_id": "8", "change_message": "", "user": 1, "content_type": 14}}, {"pk": 93, "model": "admin.logentry", "fields": {"action_flag": 2, "action_time": "2013-07-09T19:06:48.685Z", "object_repr": "Canoe North 2", "object_id": "6", "change_message": "Changed pageType and pdf.", "user": 1, "content_type": 13}}, {"pk": 94, "model": "admin.logentry", "fields": {"action_flag": 2, "action_time": "2013-07-09T19:51:04.512Z", "object_repr": "SOS PROJECTS", "object_id": "6", "change_message": "Changed order.", "user": 1, "content_type": 14}}, {"pk": 95, "model": "admin.logentry", "fields": {"action_flag": 1, "action_time": "2013-07-09T21:17:29.751Z", "object_repr": "canoenorth.jpg", "object_id": "33", "change_message": "", "user": 1, "content_type": 8}}, {"pk": 96, "model": "admin.logentry", "fields": {"action_flag": 1, "action_time": "2013-07-09T21:17:36.078Z", "object_repr": "Canoe North 01", "object_id": "7", "change_message": "", "user": 1, "content_type": 13}}, {"pk": 97, "model": "admin.logentry", "fields": {"action_flag": 1, "action_time": "2013-07-09T21:17:56.409Z", "object_repr": "canoenorth1.jpg", "object_id": "34", "change_message": "", "user": 1, "content_type": 8}}, {"pk": 98, "model": "admin.logentry", "fields": {"action_flag": 1, "action_time": "2013-07-09T21:17:59.670Z", "object_repr": "Canoe North 02", "object_id": "8", "change_message": "", "user": 1, "content_type": 13}}, {"pk": 99, "model": "admin.logentry", "fields": {"action_flag": 2, "action_time": "2013-07-09T21:18:02.629Z", "object_repr": "Canoe North 02", "object_id": "8", "change_message": "No fields changed.", "user": 1, "content_type": 13}}, {"pk": 100, "model": "admin.logentry", "fields": {"action_flag": 1, "action_time": "2013-07-09T21:18:15.100Z", "object_repr": "canoenorth2.jpg", "object_id": "35", "change_message": "", "user": 1, "content_type": 8}}, {"pk": 101, "model": "admin.logentry", "fields": {"action_flag": 1, "action_time": "2013-07-09T21:18:20.301Z", "object_repr": "Canoe North 03", "object_id": "9", "change_message": "", "user": 1, "content_type": 13}}, {"pk": 102, "model": "admin.logentry", "fields": {"action_flag": 1, "action_time": "2013-07-09T21:18:39.304Z", "object_repr": "canoenorth3.jpg", "object_id": "36", "change_message": "", "user": 1, "content_type": 8}}, {"pk": 103, "model": "admin.logentry", "fields": {"action_flag": 1, "action_time": "2013-07-09T21:18:46.618Z", "object_repr": "Canoe North 04", "object_id": "10", "change_message": "", "user": 1, "content_type": 13}}, {"pk": 104, "model": "admin.logentry", "fields": {"action_flag": 1, "action_time": "2013-07-09T21:19:01.589Z", "object_repr": "canoenorth4.jpg", "object_id": "37", "change_message": "", "user": 1, "content_type": 8}}, {"pk": 105, "model": "admin.logentry", "fields": {"action_flag": 1, "action_time": "2013-07-09T21:19:12.679Z", "object_repr": "Canoe North 05", "object_id": "11", "change_message": "", "user": 1, "content_type": 13}}, {"pk": 106, "model": "admin.logentry", "fields": {"action_flag": 1, "action_time": "2013-07-09T21:19:25.546Z", "object_repr": "canoenorth5.jpg", "object_id": "38", "change_message": "", "user": 1, "content_type": 8}}, {"pk": 107, "model": "admin.logentry", "fields": {"action_flag": 1, "action_time": "2013-07-09T21:19:31.850Z", "object_repr": "Canoe North 06", "object_id": "12", "change_message": "", "user": 1, "content_type": 13}}, {"pk": 108, "model": "admin.logentry", "fields": {"action_flag": 1, "action_time": "2013-07-09T21:19:47.353Z", "object_repr": "canoenorth6.jpg", "object_id": "39", "change_message": "", "user": 1, "content_type": 8}}, {"pk": 109, "model": "admin.logentry", "fields": {"action_flag": 1, "action_time": "2013-07-09T21:19:52.784Z", "object_repr": "Canoe North 07", "object_id": "13", "change_message": "", "user": 1, "content_type": 13}}, {"pk": 110, "model": "admin.logentry", "fields": {"action_flag": 1, "action_time": "2013-07-09T21:20:05.047Z", "object_repr": "canoenorth7.jpg", "object_id": "40", "change_message": "", "user": 1, "content_type": 8}}, {"pk": 111, "model": "admin.logentry", "fields": {"action_flag": 1, "action_time": "2013-07-09T21:20:11.707Z", "object_repr": "Canoe North 08", "object_id": "14", "change_message": "", "user": 1, "content_type": 13}}, {"pk": 112, "model": "admin.logentry", "fields": {"action_flag": 2, "action_time": "2013-07-09T21:20:17.235Z", "object_repr": "Canoe North 02", "object_id": "8", "change_message": "Changed order.", "user": 1, "content_type": 13}}, {"pk": 113, "model": "admin.logentry", "fields": {"action_flag": 2, "action_time": "2013-07-09T21:26:30.741Z", "object_repr": "Canoe North", "object_id": "7", "change_message": "Changed pages.", "user": 1, "content_type": 14}}, {"pk": 114, "model": "admin.logentry", "fields": {"action_flag": 2, "action_time": "2013-07-09T22:25:59.989Z", "object_repr": "Canoe North", "object_id": "7", "change_message": "Changed is_a_sos_project.", "user": 1, "content_type": 14}}, {"pk": 115, "model": "admin.logentry", "fields": {"action_flag": 2, "action_time": "2013-07-09T22:26:41.340Z", "object_repr": "SOS PROJECTS", "object_id": "6", "change_message": "Changed is_a_sos_project.", "user": 1, "content_type": 14}}, {"pk": 116, "model": "admin.logentry", "fields": {"action_flag": 2, "action_time": "2013-07-09T22:26:59.590Z", "object_repr": "Canoe North", "object_id": "7", "change_message": "Changed is_a_sos_project.", "user": 1, "content_type": 14}}, {"pk": 117, "model": "admin.logentry", "fields": {"action_flag": 1, "action_time": "2013-07-09T22:38:21.410Z", "object_repr": "test", "object_id": "15", "change_message": "", "user": 1, "content_type": 13}}, {"pk": 118, "model": "admin.logentry", "fields": {"action_flag": 3, "action_time": "2013-07-09T22:38:27.252Z", "object_repr": "test", "object_id": "15", "change_message": "", "user": 1, "content_type": 13}}, {"pk": 119, "model": "admin.logentry", "fields": {"action_flag": 1, "action_time": "2013-07-09T22:45:17.605Z", "object_repr": "victory-cover-img.png", "object_id": "41", "change_message": "", "user": 1, "content_type": 8}}, {"pk": 120, "model": "admin.logentry", "fields": {"action_flag": 1, "action_time": "2013-07-09T22:45:36.420Z", "object_repr": "victory.pdf", "object_id": "42", "change_message": "", "user": 1, "content_type": 8}}, {"pk": 121, "model": "admin.logentry", "fields": {"action_flag": 1, "action_time": "2013-07-09T22:45:47.363Z", "object_repr": "foodstock-pdf", "object_id": "15", "change_message": "", "user": 1, "content_type": 13}}, {"pk": 122, "model": "admin.logentry", "fields": {"action_flag": 2, "action_time": "2013-07-09T22:46:06.326Z", "object_repr": "Foodstock/Soupstock", "object_id": "8", "change_message": "Changed pages.", "user": 1, "content_type": 14}}, {"pk": 123, "model": "admin.logentry", "fields": {"action_flag": 1, "action_time": "2013-07-09T22:48:20.900Z", "object_repr": "sign_portrait5.jpg", "object_id": "43", "change_message": "", "user": 1, "content_type": 8}}, {"pk": 124, "model": "admin.logentry", "fields": {"action_flag": 1, "action_time": "2013-07-09T22:48:23.204Z", "object_repr": "foodstock-port-1", "object_id": "16", "change_message": "", "user": 1, "content_type": 13}}, {"pk": 125, "model": "admin.logentry", "fields": {"action_flag": 1, "action_time": "2013-07-09T22:50:26.175Z", "object_repr": "sign_portrait3.jpg", "object_id": "44", "change_message": "", "user": 1, "content_type": 8}}, {"pk": 126, "model": "admin.logentry", "fields": {"action_flag": 1, "action_time": "2013-07-09T22:50:29.528Z", "object_repr": "foodstock-port-2", "object_id": "17", "change_message": "", "user": 1, "content_type": 13}}, {"pk": 127, "model": "admin.logentry", "fields": {"action_flag": 2, "action_time": "2013-07-09T22:50:33.740Z", "object_repr": "foodstock-port-2", "object_id": "17", "change_message": "Changed order.", "user": 1, "content_type": 13}}, {"pk": 128, "model": "admin.logentry", "fields": {"action_flag": 2, "action_time": "2013-07-09T22:50:39.069Z", "object_repr": "foodstock-pdf", "object_id": "15", "change_message": "Changed order.", "user": 1, "content_type": 13}}, {"pk": 129, "model": "admin.logentry", "fields": {"action_flag": 1, "action_time": "2013-07-09T22:51:27.407Z", "object_repr": "sign_portrait.jpg", "object_id": "45", "change_message": "", "user": 1, "content_type": 8}}, {"pk": 130, "model": "admin.logentry", "fields": {"action_flag": 1, "action_time": "2013-07-09T22:51:34.927Z", "object_repr": "sign_portrait1.jpg", "object_id": "46", "change_message": "", "user": 1, "content_type": 8}}, {"pk": 131, "model": "admin.logentry", "fields": {"action_flag": 1, "action_time": "2013-07-09T22:51:39.963Z", "object_repr": "sign_portrait2.jpg", "object_id": "47", "change_message": "", "user": 1, "content_type": 8}}, {"pk": 132, "model": "admin.logentry", "fields": {"action_flag": 1, "action_time": "2013-07-09T22:51:47.840Z", "object_repr": "sign_portrait4.jpg", "object_id": "48", "change_message": "", "user": 1, "content_type": 8}}, {"pk": 133, "model": "admin.logentry", "fields": {"action_flag": 1, "action_time": "2013-07-09T22:52:00.079Z", "object_repr": "foodstock-port-4in1", "object_id": "18", "change_message": "", "user": 1, "content_type": 13}}, {"pk": 134, "model": "admin.logentry", "fields": {"action_flag": 2, "action_time": "2013-07-09T22:52:13.539Z", "object_repr": "Foodstock/Soupstock", "object_id": "8", "change_message": "Changed pages.", "user": 1, "content_type": 14}}, {"pk": 135, "model": "admin.logentry", "fields": {"action_flag": 1, "action_time": "2013-07-09T22:55:20.281Z", "object_repr": "flower-field.jpg", "object_id": "49", "change_message": "", "user": 1, "content_type": 8}}, {"pk": 136, "model": "admin.logentry", "fields": {"action_flag": 1, "action_time": "2013-07-09T22:55:23.473Z", "object_repr": "foodstock-photo-1", "object_id": "19", "change_message": "", "user": 1, "content_type": 13}}, {"pk": 137, "model": "admin.logentry", "fields": {"action_flag": 2, "action_time": "2013-07-09T22:55:34.115Z", "object_repr": "foodstock-photo-1", "object_id": "19", "change_message": "Changed order.", "user": 1, "content_type": 13}}, {"pk": 138, "model": "admin.logentry", "fields": {"action_flag": 2, "action_time": "2013-07-09T22:55:37.962Z", "object_repr": "foodstock-photo-1", "object_id": "19", "change_message": "No fields changed.", "user": 1, "content_type": 13}}, {"pk": 139, "model": "admin.logentry", "fields": {"action_flag": 1, "action_time": "2013-07-09T22:56:10.111Z", "object_repr": "soupstock-train.jpg", "object_id": "50", "change_message": "", "user": 1, "content_type": 8}}, {"pk": 140, "model": "admin.logentry", "fields": {"action_flag": 1, "action_time": "2013-07-09T22:56:23.768Z", "object_repr": "foodstock-soupstock-1", "object_id": "20", "change_message": "", "user": 1, "content_type": 13}}, {"pk": 141, "model": "admin.logentry", "fields": {"action_flag": 1, "action_time": "2013-07-09T22:57:27.194Z", "object_repr": "foodstock_poster-1.jpg", "object_id": "51", "change_message": "", "user": 1, "content_type": 8}}, {"pk": 142, "model": "admin.logentry", "fields": {"action_flag": 1, "action_time": "2013-07-09T22:57:32.775Z", "object_repr": "foodstock-poster", "object_id": "21", "change_message": "", "user": 1, "content_type": 13}}, {"pk": 143, "model": "admin.logentry", "fields": {"action_flag": 1, "action_time": "2013-07-09T22:58:21.462Z", "object_repr": "bigpumpkin.jpg", "object_id": "52", "change_message": "", "user": 1, "content_type": 8}}, {"pk": 144, "model": "admin.logentry", "fields": {"action_flag": 1, "action_time": "2013-07-09T22:58:28.215Z", "object_repr": "foodstock-photo-2", "object_id": "22", "change_message": "", "user": 1, "content_type": 13}}, {"pk": 145, "model": "admin.logentry", "fields": {"action_flag": 1, "action_time": "2013-07-09T22:59:17.662Z", "object_repr": "participant.jpg", "object_id": "53", "change_message": "", "user": 1, "content_type": 8}}, {"pk": 146, "model": "admin.logentry", "fields": {"action_flag": 1, "action_time": "2013-07-09T22:59:22.853Z", "object_repr": "potatoleeksoup.jpg", "object_id": "54", "change_message": "", "user": 1, "content_type": 8}}, {"pk": 147, "model": "admin.logentry", "fields": {"action_flag": 1, "action_time": "2013-07-09T22:59:28.500Z", "object_repr": "pumpkin_stew.jpg", "object_id": "55", "change_message": "", "user": 1, "content_type": 8}}, {"pk": 148, "model": "admin.logentry", "fields": {"action_flag": 1, "action_time": "2013-07-09T22:59:34.644Z", "object_repr": "soup-1_m.jpg", "object_id": "56", "change_message": "", "user": 1, "content_type": 8}}, {"pk": 149, "model": "admin.logentry", "fields": {"action_flag": 1, "action_time": "2013-07-09T22:59:39.457Z", "object_repr": "foodstock-photo-4-1", "object_id": "23", "change_message": "", "user": 1, "content_type": 13}}, {"pk": 150, "model": "admin.logentry", "fields": {"action_flag": 2, "action_time": "2013-07-09T22:59:46.142Z", "object_repr": "foodstock-photo-4-1", "object_id": "23", "change_message": "Changed order.", "user": 1, "content_type": 13}}, {"pk": 151, "model": "admin.logentry", "fields": {"action_flag": 1, "action_time": "2013-07-09T23:00:07.121Z", "object_repr": "jim-cuddy.jpg", "object_id": "57", "change_message": "", "user": 1, "content_type": 8}}, {"pk": 152, "model": "admin.logentry", "fields": {"action_flag": 1, "action_time": "2013-07-09T23:00:13.953Z", "object_repr": "foodstock-photo-3", "object_id": "24", "change_message": "", "user": 1, "content_type": 13}}, {"pk": 153, "model": "admin.logentry", "fields": {"action_flag": 1, "action_time": "2013-07-09T23:00:54.497Z", "object_repr": "audience.jpg", "object_id": "58", "change_message": "", "user": 1, "content_type": 8}}, {"pk": 154, "model": "admin.logentry", "fields": {"action_flag": 1, "action_time": "2013-07-09T23:01:02.315Z", "object_repr": "citytv-news-coverage.jpg", "object_id": "59", "change_message": "", "user": 1, "content_type": 8}}, {"pk": 155, "model": "admin.logentry", "fields": {"action_flag": 1, "action_time": "2013-07-09T23:01:08.606Z", "object_repr": "public_speaking.jpg", "object_id": "60", "change_message": "", "user": 1, "content_type": 8}}, {"pk": 156, "model": "admin.logentry", "fields": {"action_flag": 1, "action_time": "2013-07-09T23:01:13.835Z", "object_repr": "speech.jpg", "object_id": "61", "change_message": "", "user": 1, "content_type": 8}}, {"pk": 157, "model": "admin.logentry", "fields": {"action_flag": 1, "action_time": "2013-07-09T23:01:20.467Z", "object_repr": "foodstock-photo-4-2", "object_id": "25", "change_message": "", "user": 1, "content_type": 13}}, {"pk": 158, "model": "admin.logentry", "fields": {"action_flag": 1, "action_time": "2013-07-09T23:01:50.143Z", "object_repr": "panorama.jpg", "object_id": "62", "change_message": "", "user": 1, "content_type": 8}}, {"pk": 159, "model": "admin.logentry", "fields": {"action_flag": 1, "action_time": "2013-07-09T23:01:57.951Z", "object_repr": "foodstock-photo-4", "object_id": "26", "change_message": "", "user": 1, "content_type": 13}}, {"pk": 160, "model": "admin.logentry", "fields": {"action_flag": 1, "action_time": "2013-07-09T23:02:25.032Z", "object_repr": "performance-2.jpg", "object_id": "63", "change_message": "", "user": 1, "content_type": 8}}, {"pk": 161, "model": "admin.logentry", "fields": {"action_flag": 1, "action_time": "2013-07-09T23:02:32.693Z", "object_repr": "performance.jpg", "object_id": "64", "change_message": "", "user": 1, "content_type": 8}}, {"pk": 162, "model": "admin.logentry", "fields": {"action_flag": 1, "action_time": "2013-07-09T23:02:39.038Z", "object_repr": "performer-portrait.jpg", "object_id": "65", "change_message": "", "user": 1, "content_type": 8}}, {"pk": 163, "model": "admin.logentry", "fields": {"action_flag": 1, "action_time": "2013-07-09T23:02:45.920Z", "object_repr": "performer.jpg", "object_id": "66", "change_message": "", "user": 1, "content_type": 8}}, {"pk": 164, "model": "admin.logentry", "fields": {"action_flag": 1, "action_time": "2013-07-09T23:02:53.488Z", "object_repr": "foodstock-photo-4-3", "object_id": "27", "change_message": "", "user": 1, "content_type": 13}}, {"pk": 165, "model": "admin.logentry", "fields": {"action_flag": 1, "action_time": "2013-07-09T23:03:20.366Z", "object_repr": "bill-and-blaine.jpg", "object_id": "67", "change_message": "", "user": 1, "content_type": 8}}, {"pk": 166, "model": "admin.logentry", "fields": {"action_flag": 1, "action_time": "2013-07-09T23:03:26.756Z", "object_repr": "foodstock-photo-5", "object_id": "28", "change_message": "", "user": 1, "content_type": 13}}, {"pk": 167, "model": "admin.logentry", "fields": {"action_flag": 2, "action_time": "2013-07-09T23:04:05.167Z", "object_repr": "Foodstock/Soupstock", "object_id": "8", "change_message": "Changed pages.", "user": 1, "content_type": 14}}, {"pk": 168, "model": "admin.logentry", "fields": {"action_flag": 1, "action_time": "2013-07-09T23:49:43.787Z", "object_repr": "patagonia-spacing_national.jpg", "object_id": "68", "change_message": "", "user": 1, "content_type": 8}}, {"pk": 169, "model": "admin.logentry", "fields": {"action_flag": 1, "action_time": "2013-07-09T23:49:50.147Z", "object_repr": "patagonia-ourwater-1", "object_id": "29", "change_message": "", "user": 1, "content_type": 13}}, {"pk": 170, "model": "admin.logentry", "fields": {"action_flag": 1, "action_time": "2013-07-09T23:50:11.582Z", "object_repr": "toronto-alternatives-magazine-s13-705inx9.jpg", "object_id": "69", "change_message": "", "user": 1, "content_type": 8}}, {"pk": 171, "model": "admin.logentry", "fields": {"action_flag": 1, "action_time": "2013-07-09T23:50:17.422Z", "object_repr": "patagonia-ourwater-2", "object_id": "30", "change_message": "", "user": 1, "content_type": 13}}, {"pk": 172, "model": "admin.logentry", "fields": {"action_flag": 1, "action_time": "2013-07-09T23:50:38.807Z", "object_repr": "toronto-spacing-s13-2.jpg", "object_id": "70", "change_message": "", "user": 1, "content_type": 8}}, {"pk": 173, "model": "admin.logentry", "fields": {"action_flag": 1, "action_time": "2013-07-09T23:50:44.355Z", "object_repr": "patagonia-ourwater-3", "object_id": "31", "change_message": "", "user": 1, "content_type": 13}}, {"pk": 174, "model": "admin.logentry", "fields": {"action_flag": 1, "action_time": "2013-07-09T23:52:12.429Z", "object_repr": "mountain-life-fall-2012.png", "object_id": "71", "change_message": "", "user": 1, "content_type": 8}}, {"pk": 175, "model": "admin.logentry", "fields": {"action_flag": 1, "action_time": "2013-07-09T23:52:19.237Z", "object_repr": "patagonia-mlife-1", "object_id": "32", "change_message": "", "user": 1, "content_type": 13}}, {"pk": 176, "model": "admin.logentry", "fields": {"action_flag": 1, "action_time": "2013-07-09T23:53:10.163Z", "object_repr": "mountain-life-close-up.png", "object_id": "72", "change_message": "", "user": 1, "content_type": 8}}, {"pk": 177, "model": "admin.logentry", "fields": {"action_flag": 1, "action_time": "2013-07-09T23:53:22.334Z", "object_repr": "patagonia-mlife-2", "object_id": "33", "change_message": "", "user": 1, "content_type": 13}}, {"pk": 178, "model": "admin.logentry", "fields": {"action_flag": 2, "action_time": "2013-07-09T23:53:27.785Z", "object_repr": "patagonia-mlife-2", "object_id": "33", "change_message": "Changed order.", "user": 1, "content_type": 13}}, {"pk": 179, "model": "admin.logentry", "fields": {"action_flag": 1, "action_time": "2013-07-09T23:54:05.185Z", "object_repr": "215844_499729530072434_688587872_n.jpg", "object_id": "73", "change_message": "", "user": 1, "content_type": 8}}, {"pk": 180, "model": "admin.logentry", "fields": {"action_flag": 1, "action_time": "2013-07-09T23:54:11.965Z", "object_repr": "patagonia-pers-1", "object_id": "34", "change_message": "", "user": 1, "content_type": 13}}, {"pk": 181, "model": "admin.logentry", "fields": {"action_flag": 1, "action_time": "2013-07-09T23:54:32.020Z", "object_repr": "319013_497200176992036_1185224247_n.jpg", "object_id": "74", "change_message": "", "user": 1, "content_type": 8}}, {"pk": 182, "model": "admin.logentry", "fields": {"action_flag": 1, "action_time": "2013-07-09T23:54:35.120Z", "object_repr": "patagonia-pers-2", "object_id": "35", "change_message": "", "user": 1, "content_type": 13}}, {"pk": 183, "model": "admin.logentry", "fields": {"action_flag": 2, "action_time": "2013-07-09T23:55:01.082Z", "object_repr": "PATAGONIA", "object_id": "2", "change_message": "Changed pages.", "user": 1, "content_type": 14}}, {"pk": 184, "model": "admin.logentry", "fields": {"action_flag": 1, "action_time": "2013-07-09T23:56:16.726Z", "object_repr": "toronto-alternatives-magazine-s13-705inx9.jpg", "object_id": "75", "change_message": "", "user": 1, "content_type": 8}}, {"pk": 185, "model": "admin.logentry", "fields": {"action_flag": 2, "action_time": "2013-07-09T23:56:18.504Z", "object_repr": "patagonia-ourwater-2", "object_id": "30", "change_message": "Changed mediaField.", "user": 1, "content_type": 13}}, {"pk": 186, "model": "admin.logentry", "fields": {"action_flag": 1, "action_time": "2013-07-09T23:58:35.300Z", "object_repr": "toronto-alternatives-magazine.jpg", "object_id": "76", "change_message": "", "user": 1, "content_type": 8}}, {"pk": 187, "model": "admin.logentry", "fields": {"action_flag": 2, "action_time": "2013-07-09T23:58:37.859Z", "object_repr": "patagonia-ourwater-2", "object_id": "30", "change_message": "Changed mediaField.", "user": 1, "content_type": 13}}, {"pk": 188, "model": "admin.logentry", "fields": {"action_flag": 1, "action_time": "2013-07-09T23:59:03.491Z", "object_repr": "mountainlifefall2012.png", "object_id": "77", "change_message": "", "user": 1, "content_type": 8}}, {"pk": 189, "model": "admin.logentry", "fields": {"action_flag": 2, "action_time": "2013-07-09T23:59:05.037Z", "object_repr": "patagonia-mlife-1", "object_id": "32", "change_message": "Changed mediaField.", "user": 1, "content_type": 13}}, {"pk": 190, "model": "admin.logentry", "fields": {"action_flag": 1, "action_time": "2013-07-09T23:59:32.070Z", "object_repr": "mountainlifecloseup.png", "object_id": "78", "change_message": "", "user": 1, "content_type": 8}}, {"pk": 191, "model": "admin.logentry", "fields": {"action_flag": 2, "action_time": "2013-07-09T23:59:33.531Z", "object_repr": "patagonia-mlife-2", "object_id": "33", "change_message": "Changed mediaField.", "user": 1, "content_type": 13}}, {"pk": 192, "model": "admin.logentry", "fields": {"action_flag": 2, "action_time": "2013-07-10T00:00:53.912Z", "object_repr": "patagonia-mlife-1", "object_id": "32", "change_message": "Changed mediaField.", "user": 1, "content_type": 13}}, {"pk": 193, "model": "admin.logentry", "fields": {"action_flag": 2, "action_time": "2013-07-10T00:01:01.560Z", "object_repr": "patagonia-mlife-2", "object_id": "33", "change_message": "Changed mediaField.", "user": 1, "content_type": 13}}, {"pk": 194, "model": "admin.logentry", "fields": {"action_flag": 2, "action_time": "2013-07-10T00:01:05.806Z", "object_repr": "patagonia-mlife-1", "object_id": "32", "change_message": "Changed mediaField.", "user": 1, "content_type": 13}}, {"pk": 195, "model": "admin.logentry", "fields": {"action_flag": 1, "action_time": "2013-07-10T00:02:10.355Z", "object_repr": "toronto-alternatives-magazine.jpg", "object_id": "79", "change_message": "", "user": 1, "content_type": 8}}, {"pk": 196, "model": "admin.logentry", "fields": {"action_flag": 2, "action_time": "2013-07-10T00:02:11.781Z", "object_repr": "patagonia-ourwater-2", "object_id": "30", "change_message": "Changed mediaField.", "user": 1, "content_type": 13}}, {"pk": 197, "model": "admin.logentry", "fields": {"action_flag": 3, "action_time": "2013-07-10T00:02:39.141Z", "object_repr": "toronto-alternatives magazine.jpg", "object_id": "76", "change_message": "", "user": 1, "content_type": 8}}, {"pk": 198, "model": "admin.logentry", "fields": {"action_flag": 3, "action_time": "2013-07-10T00:02:39.144Z", "object_repr": "Toronto- Alternatives Magazine-S13 - 7.05inx9.jpg", "object_id": "75", "change_message": "", "user": 1, "content_type": 8}}, {"pk": 199, "model": "admin.logentry", "fields": {"action_flag": 3, "action_time": "2013-07-10T00:02:39.146Z", "object_repr": "Mountain Life Close Up.png", "object_id": "72", "change_message": "", "user": 1, "content_type": 8}}, {"pk": 200, "model": "admin.logentry", "fields": {"action_flag": 3, "action_time": "2013-07-10T00:02:39.150Z", "object_repr": "Mountain Life Fall 2012.png", "object_id": "71", "change_message": "", "user": 1, "content_type": 8}}, {"pk": 201, "model": "admin.logentry", "fields": {"action_flag": 3, "action_time": "2013-07-10T00:02:39.153Z", "object_repr": "Toronto- Alternatives Magazine S13 - 7.05inx9.jpg", "object_id": "69", "change_message": "", "user": 1, "content_type": 8}}, {"pk": 202, "model": "admin.logentry", "fields": {"action_flag": 2, "action_time": "2013-07-10T00:03:44.998Z", "object_repr": "patagonia-ourwater-2", "object_id": "30", "change_message": "Changed mediaField.", "user": 1, "content_type": 13}}, {"pk": 203, "model": "admin.logentry", "fields": {"action_flag": 1, "action_time": "2013-07-10T00:07:43.640Z", "object_repr": "toronto-life_ad-nov.jpg", "object_id": "80", "change_message": "", "user": 1, "content_type": 8}}, {"pk": 204, "model": "admin.logentry", "fields": {"action_flag": 1, "action_time": "2013-07-10T00:07:52.563Z", "object_repr": "patagonia-add-1", "object_id": "36", "change_message": "", "user": 1, "content_type": 13}}, {"pk": 205, "model": "admin.logentry", "fields": {"action_flag": 1, "action_time": "2013-07-10T00:08:46.465Z", "object_repr": "gift_guide.jpg", "object_id": "81", "change_message": "", "user": 1, "content_type": 8}}, {"pk": 206, "model": "admin.logentry", "fields": {"action_flag": 1, "action_time": "2013-07-10T00:08:57.417Z", "object_repr": "patagonia-guide-1", "object_id": "37", "change_message": "", "user": 1, "content_type": 13}}, {"pk": 207, "model": "admin.logentry", "fields": {"action_flag": 1, "action_time": "2013-07-10T00:09:22.952Z", "object_repr": "dandyhorse-blog.png", "object_id": "82", "change_message": "", "user": 1, "content_type": 8}}, {"pk": 208, "model": "admin.logentry", "fields": {"action_flag": 1, "action_time": "2013-07-10T00:09:32.374Z", "object_repr": "patagonia-news-1", "object_id": "38", "change_message": "", "user": 1, "content_type": 13}}, {"pk": 209, "model": "admin.logentry", "fields": {"action_flag": 1, "action_time": "2013-07-10T00:09:55.438Z", "object_repr": "applied-arts.png", "object_id": "83", "change_message": "", "user": 1, "content_type": 8}}, {"pk": 210, "model": "admin.logentry", "fields": {"action_flag": 1, "action_time": "2013-07-10T00:10:01.615Z", "object_repr": "patagonia-news-2", "object_id": "39", "change_message": "", "user": 1, "content_type": 13}}, {"pk": 211, "model": "admin.logentry", "fields": {"action_flag": 1, "action_time": "2013-07-10T00:10:27.706Z", "object_repr": "outside-torrentshell.png", "object_id": "84", "change_message": "", "user": 1, "content_type": 8}}, {"pk": 212, "model": "admin.logentry", "fields": {"action_flag": 1, "action_time": "2013-07-10T00:10:35.200Z", "object_repr": "patagonia-news-3", "object_id": "40", "change_message": "", "user": 1, "content_type": 13}}, {"pk": 213, "model": "admin.logentry", "fields": {"action_flag": 1, "action_time": "2013-07-10T00:10:58.028Z", "object_repr": "maclean-april-24.png", "object_id": "85", "change_message": "", "user": 1, "content_type": 8}}, {"pk": 214, "model": "admin.logentry", "fields": {"action_flag": 1, "action_time": "2013-07-10T00:11:05.512Z", "object_repr": "patagonia-news-4", "object_id": "41", "change_message": "", "user": 1, "content_type": 13}}, {"pk": 215, "model": "admin.logentry", "fields": {"action_flag": 1, "action_time": "2013-07-10T00:11:25.954Z", "object_repr": "patagonia-poster-may-11.jpg", "object_id": "86", "change_message": "", "user": 1, "content_type": 8}}, {"pk": 216, "model": "admin.logentry", "fields": {"action_flag": 1, "action_time": "2013-07-10T00:11:31.763Z", "object_repr": "patagonia-poster-1", "object_id": "42", "change_message": "", "user": 1, "content_type": 13}}, {"pk": 217, "model": "admin.logentry", "fields": {"action_flag": 2, "action_time": "2013-07-10T00:11:53.581Z", "object_repr": "PATAGONIA", "object_id": "2", "change_message": "Changed pages.", "user": 1, "content_type": 14}}, {"pk": 218, "model": "admin.logentry", "fields": {"action_flag": 1, "action_time": "2013-07-10T00:20:37.307Z", "object_repr": "patch-logo.jpg", "object_id": "87", "change_message": "", "user": 1, "content_type": 8}}, {"pk": 219, "model": "admin.logentry", "fields": {"action_flag": 1, "action_time": "2013-07-10T00:20:44.084Z", "object_repr": "patch-logo", "object_id": "43", "change_message": "", "user": 1, "content_type": 13}}, {"pk": 220, "model": "admin.logentry", "fields": {"action_flag": 1, "action_time": "2013-07-10T00:21:06.700Z", "object_repr": "farm-planter.jpg", "object_id": "88", "change_message": "", "user": 1, "content_type": 8}}, {"pk": 221, "model": "admin.logentry", "fields": {"action_flag": 1, "action_time": "2013-07-10T00:21:14.143Z", "object_repr": "patch-pic-1", "object_id": "44", "change_message": "", "user": 1, "content_type": 13}}, {"pk": 222, "model": "admin.logentry", "fields": {"action_flag": 2, "action_time": "2013-07-10T00:21:19.137Z", "object_repr": "patch-pic-1", "object_id": "44", "change_message": "Changed order.", "user": 1, "content_type": 13}}, {"pk": 223, "model": "admin.logentry", "fields": {"action_flag": 1, "action_time": "2013-07-10T00:21:53.586Z", "object_repr": "farm-planter-2.jpg", "object_id": "89", "change_message": "", "user": 1, "content_type": 8}}, {"pk": 224, "model": "admin.logentry", "fields": {"action_flag": 1, "action_time": "2013-07-10T00:22:00.904Z", "object_repr": "patch-pic-2", "object_id": "45", "change_message": "", "user": 1, "content_type": 13}}, {"pk": 225, "model": "admin.logentry", "fields": {"action_flag": 1, "action_time": "2013-07-10T00:22:19.980Z", "object_repr": "planting-a-patch.png", "object_id": "90", "change_message": "", "user": 1, "content_type": 8}}, {"pk": 226, "model": "admin.logentry", "fields": {"action_flag": 1, "action_time": "2013-07-10T00:22:26.680Z", "object_repr": "patch-pic-3", "object_id": "46", "change_message": "", "user": 1, "content_type": 13}}, {"pk": 227, "model": "admin.logentry", "fields": {"action_flag": 2, "action_time": "2013-07-10T00:23:01.132Z", "object_repr": "Patch Planters", "object_id": "3", "change_message": "Changed pages.", "user": 1, "content_type": 14}}, {"pk": 228, "model": "admin.logentry", "fields": {"action_flag": 1, "action_time": "2013-07-10T00:24:16.742Z", "object_repr": "patch-website.png", "object_id": "91", "change_message": "", "user": 1, "content_type": 8}}, {"pk": 229, "model": "admin.logentry", "fields": {"action_flag": 1, "action_time": "2013-07-10T00:24:22.394Z", "object_repr": "patch-web-1", "object_id": "47", "change_message": "", "user": 1, "content_type": 13}}, {"pk": 230, "model": "admin.logentry", "fields": {"action_flag": 1, "action_time": "2013-07-10T00:24:41.603Z", "object_repr": "the-die-line.png", "object_id": "92", "change_message": "", "user": 1, "content_type": 8}}, {"pk": 231, "model": "admin.logentry", "fields": {"action_flag": 1, "action_time": "2013-07-10T00:24:54.336Z", "object_repr": "patch-news-1", "object_id": "48", "change_message": "", "user": 1, "content_type": 13}}, {"pk": 232, "model": "admin.logentry", "fields": {"action_flag": 1, "action_time": "2013-07-10T00:25:18.363Z", "object_repr": "cool-hunting-dec.png", "object_id": "93", "change_message": "", "user": 1, "content_type": 8}}, {"pk": 233, "model": "admin.logentry", "fields": {"action_flag": 1, "action_time": "2013-07-10T00:25:24.119Z", "object_repr": "patch-news-2", "object_id": "49", "change_message": "", "user": 1, "content_type": 13}}, {"pk": 234, "model": "admin.logentry", "fields": {"action_flag": 2, "action_time": "2013-07-10T00:25:41.363Z", "object_repr": "Patch Planters", "object_id": "3", "change_message": "Changed pages.", "user": 1, "content_type": 14}}, {"pk": 235, "model": "admin.logentry", "fields": {"action_flag": 2, "action_time": "2013-07-10T00:30:10.082Z", "object_repr": "patch-pic-1", "object_id": "44", "change_message": "Changed pageType.", "user": 1, "content_type": 13}}, {"pk": 236, "model": "admin.logentry", "fields": {"action_flag": 1, "action_time": "2013-07-10T00:35:06.894Z", "object_repr": "img_5619.JPG", "object_id": "94", "change_message": "", "user": 1, "content_type": 8}}, {"pk": 237, "model": "admin.logentry", "fields": {"action_flag": 1, "action_time": "2013-07-10T00:35:12.255Z", "object_repr": "img_5777.JPG", "object_id": "95", "change_message": "", "user": 1, "content_type": 8}}, {"pk": 238, "model": "admin.logentry", "fields": {"action_flag": 1, "action_time": "2013-07-10T00:35:17.031Z", "object_repr": "img_5803.JPG", "object_id": "96", "change_message": "", "user": 1, "content_type": 8}}, {"pk": 239, "model": "admin.logentry", "fields": {"action_flag": 1, "action_time": "2013-07-10T00:35:22.811Z", "object_repr": "mountain-life-coverage.jpg", "object_id": "97", "change_message": "", "user": 1, "content_type": 8}}, {"pk": 240, "model": "admin.logentry", "fields": {"action_flag": 1, "action_time": "2013-07-10T00:35:55.026Z", "object_repr": "singhampton-project-poster.jpg", "object_id": "98", "change_message": "", "user": 1, "content_type": 8}}, {"pk": 241, "model": "admin.logentry", "fields": {"action_flag": 1, "action_time": "2013-07-10T00:36:02.397Z", "object_repr": "singhampton0019.JPG", "object_id": "99", "change_message": "", "user": 1, "content_type": 8}}, {"pk": 242, "model": "admin.logentry", "fields": {"action_flag": 1, "action_time": "2013-07-10T00:36:09.100Z", "object_repr": "singhampton0036.JPG", "object_id": "100", "change_message": "", "user": 1, "content_type": 8}}, {"pk": 243, "model": "admin.logentry", "fields": {"action_flag": 1, "action_time": "2013-07-10T00:36:15.275Z", "object_repr": "singhampton0048.JPG", "object_id": "101", "change_message": "", "user": 1, "content_type": 8}}, {"pk": 244, "model": "admin.logentry", "fields": {"action_flag": 1, "action_time": "2013-07-10T00:36:21.751Z", "object_repr": "singhampton0051.JPG", "object_id": "102", "change_message": "", "user": 1, "content_type": 8}}, {"pk": 245, "model": "admin.logentry", "fields": {"action_flag": 1, "action_time": "2013-07-10T00:36:28.002Z", "object_repr": "singhampton0086.JPG", "object_id": "103", "change_message": "", "user": 1, "content_type": 8}}, {"pk": 246, "model": "admin.logentry", "fields": {"action_flag": 1, "action_time": "2013-07-10T00:36:33.324Z", "object_repr": "singhampton0102.JPG", "object_id": "104", "change_message": "", "user": 1, "content_type": 8}}, {"pk": 247, "model": "admin.logentry", "fields": {"action_flag": 1, "action_time": "2013-07-10T00:36:44.830Z", "object_repr": "singhampton-news-1", "object_id": "50", "change_message": "", "user": 1, "content_type": 13}}, {"pk": 248, "model": "admin.logentry", "fields": {"action_flag": 2, "action_time": "2013-07-10T00:37:09.647Z", "object_repr": "singhampton-news-1", "object_id": "50", "change_message": "Changed mediaField.", "user": 1, "content_type": 13}}, {"pk": 249, "model": "admin.logentry", "fields": {"action_flag": 1, "action_time": "2013-07-10T00:37:32.410Z", "object_repr": "singhampton-pic-1", "object_id": "51", "change_message": "", "user": 1, "content_type": 13}}, {"pk": 250, "model": "admin.logentry", "fields": {"action_flag": 1, "action_time": "2013-07-10T00:37:49.882Z", "object_repr": "singhampton-pic-1", "object_id": "52", "change_message": "", "user": 1, "content_type": 13}}, {"pk": 251, "model": "admin.logentry", "fields": {"action_flag": 1, "action_time": "2013-07-10T00:38:06.712Z", "object_repr": "singhampton-pic-2", "object_id": "53", "change_message": "", "user": 1, "content_type": 13}}, {"pk": 252, "model": "admin.logentry", "fields": {"action_flag": 1, "action_time": "2013-07-10T00:39:45.154Z", "object_repr": "singhampton-pic-3", "object_id": "54", "change_message": "", "user": 1, "content_type": 13}}, {"pk": 253, "model": "admin.logentry", "fields": {"action_flag": 2, "action_time": "2013-07-10T00:40:01.611Z", "object_repr": "singhampton-pic-2", "object_id": "53", "change_message": "Changed mediaField.", "user": 1, "content_type": 13}}, {"pk": 254, "model": "admin.logentry", "fields": {"action_flag": 2, "action_time": "2013-07-10T00:40:11.349Z", "object_repr": "singhampton-pic-1", "object_id": "51", "change_message": "No fields changed.", "user": 1, "content_type": 13}}, {"pk": 255, "model": "admin.logentry", "fields": {"action_flag": 3, "action_time": "2013-07-10T00:40:20.874Z", "object_repr": "singhampton-pic-1", "object_id": "52", "change_message": "", "user": 1, "content_type": 13}}, {"pk": 256, "model": "admin.logentry", "fields": {"action_flag": 2, "action_time": "2013-07-10T00:40:31.925Z", "object_repr": "singhampton-pic-2", "object_id": "53", "change_message": "Changed mediaField and pageType.", "user": 1, "content_type": 13}}, {"pk": 257, "model": "admin.logentry", "fields": {"action_flag": 2, "action_time": "2013-07-10T00:40:38.831Z", "object_repr": "singhampton-pic-3", "object_id": "54", "change_message": "No fields changed.", "user": 1, "content_type": 13}}, {"pk": 258, "model": "admin.logentry", "fields": {"action_flag": 1, "action_time": "2013-07-10T00:41:07.956Z", "object_repr": "singhampton-poster-1", "object_id": "55", "change_message": "", "user": 1, "content_type": 13}}, {"pk": 259, "model": "admin.logentry", "fields": {"action_flag": 2, "action_time": "2013-07-10T00:46:54.336Z", "object_repr": "THE SINGHAMPTON PROJECT", "object_id": "1", "change_message": "Changed pages.", "user": 1, "content_type": 14}}, {"pk": 260, "model": "admin.logentry", "fields": {"action_flag": 1, "action_time": "2013-07-10T00:48:14.885Z", "object_repr": "singhampton-pic-4", "object_id": "56", "change_message": "", "user": 1, "content_type": 13}}, {"pk": 261, "model": "admin.logentry", "fields": {"action_flag": 1, "action_time": "2013-07-10T00:48:51.268Z", "object_repr": "singhampton-pic-5", "object_id": "57", "change_message": "", "user": 1, "content_type": 13}}, {"pk": 262, "model": "admin.logentry", "fields": {"action_flag": 1, "action_time": "2013-07-10T00:49:04.686Z", "object_repr": "singhampton-pic-6", "object_id": "58", "change_message": "", "user": 1, "content_type": 13}}, {"pk": 263, "model": "admin.logentry", "fields": {"action_flag": 1, "action_time": "2013-07-10T00:49:18.858Z", "object_repr": "singhampton-pic-7", "object_id": "59", "change_message": "", "user": 1, "content_type": 13}}, {"pk": 264, "model": "admin.logentry", "fields": {"action_flag": 1, "action_time": "2013-07-10T00:49:32.497Z", "object_repr": "singhampton-pic-8", "object_id": "60", "change_message": "", "user": 1, "content_type": 13}}, {"pk": 265, "model": "admin.logentry", "fields": {"action_flag": 1, "action_time": "2013-07-10T00:49:46.853Z", "object_repr": "singhampton-pic-9", "object_id": "61", "change_message": "", "user": 1, "content_type": 13}}, {"pk": 266, "model": "admin.logentry", "fields": {"action_flag": 2, "action_time": "2013-07-10T00:50:02.887Z", "object_repr": "THE SINGHAMPTON PROJECT", "object_id": "1", "change_message": "Changed pages.", "user": 1, "content_type": 14}}, {"pk": 267, "model": "admin.logentry", "fields": {"action_flag": 2, "action_time": "2013-07-10T00:50:53.297Z", "object_repr": "singhampton-news-1", "object_id": "50", "change_message": "Changed pageType.", "user": 1, "content_type": 13}}]